priority,institution_id,institution,program_id,program_name,current_unverified_threshold,url_if_known
1,inst-1,האוניברסיטה העברית בירושלים,prog-inst-1-101,אופטומטריה ומדעי הראייה,630,
1,inst-1,האוניברסיטה העברית בירושלים,prog-inst-1-84,חשבונאות ותקשורת ועיתונאות,620,
1,inst-1,האוניברסיטה העברית בירושלים,prog-inst-1-89,"חשבונאות, מערכות מידע ממוחשבות",630,
1,inst-1,האוניברסיטה העברית בירושלים,prog-inst-1-39,מדעי הסביבה,600,
1,inst-1,האוניברסיטה העברית בירושלים,prog-inst-1-54,"ניהול מלונאות, משאבי מזון ותיירות",630,
1,inst-1,האוניברסיטה העברית בירושלים,prog-inst-1-76,"רב תחומי וכלכלה תכנית ""חבצלות""",630,
1,inst-2,אוניברסיטת אריאל בשומרון,prog-inst-2-1,ארכיאולוגיה,600,
1,inst-2,אוניברסיטת אריאל בשומרון,prog-inst-2-2,ארכיטקטורה,580,
1,inst-2,אוניברסיטת אריאל בשומרון,prog-inst-2-44,ביוטכנולוגיה,580,
1,inst-2,אוניברסיטת אריאל בשומרון,prog-inst-2-3,ביולוגיה מולקולרית,600,
1,inst-2,אוניברסיטת אריאל בשומרון,prog-inst-2-4,היסטוריה של עם ישראל בעת החדשה,600,
1,inst-2,אוניברסיטת אריאל בשומרון,prog-inst-2-5,הנדסה אזרחית,600,
1,inst-2,אוניברסיטת אריאל בשומרון,prog-inst-2-6,הנדסה כימית,580,
1,inst-2,אוניברסיטת אריאל בשומרון,prog-inst-2-7,הנדסת חשמל ואלקטרוניקה,620,
1,inst-2,אוניברסיטת אריאל בשומרון,prog-inst-2-8,הנדסת מכונות ומכטרוניקה,610,
1,inst-2,אוניברסיטת אריאל בשומרון,prog-inst-2-42,הנדסת מערכות מידע,600,
1,inst-2,אוניברסיטת אריאל בשומרון,prog-inst-2-40,הנדסת תוכנה,620,
1,inst-2,אוניברסיטת אריאל בשומרון,prog-inst-2-9,הנדסת תעשייה וניהול,600,
1,inst-2,אוניברסיטת אריאל בשומרון,prog-inst-2-10,הפרעות בתקשורת,640,
1,inst-2,אוניברסיטת אריאל בשומרון,prog-inst-2-11,חינוך,600,
1,inst-2,אוניברסיטת אריאל בשומרון,prog-inst-2-12,חשבונאות,630,
1,inst-2,אוניברסיטת אריאל בשומרון,prog-inst-2-13,כלכלה,630,
1,inst-2,אוניברסיטת אריאל בשומרון,prog-inst-2-14,כלכלה ומנהל עסקים,630,
1,inst-2,אוניברסיטת אריאל בשומרון,prog-inst-2-33,כלכלה וניהול,630,
1,inst-2,אוניברסיטת אריאל בשומרון,prog-inst-2-15,לימודי ארץ ישראל,600,
1,inst-2,אוניברסיטת אריאל בשומרון,prog-inst-2-16,לימודי המזרח התיכון,600,
1,inst-2,אוניברסיטת אריאל בשומרון,prog-inst-2-17,לימודי קדם רפואה,740,
1,inst-2,אוניברסיטת אריאל בשומרון,prog-inst-2-18,מדעי הכימיה,600,
1,inst-2,אוניברסיטת אריאל בשומרון,prog-inst-2-19,מדעי המדינה,600,
1,inst-2,אוניברסיטת אריאל בשומרון,prog-inst-2-20,מדעי המחשב,600,
1,inst-2,אוניברסיטת אריאל בשומרון,prog-inst-2-43,מדעי המחשב ומתמטיקה,600,
1,inst-2,אוניברסיטת אריאל בשומרון,prog-inst-2-45,מדעי המחשב ופיזיקה,610,
1,inst-2,אוניברסיטת אריאל בשומרון,prog-inst-2-41,מדעי הנתונים ובינה מלאכותית,640,
1,inst-2,אוניברסיטת אריאל בשומרון,prog-ariel-8,מדעי הרפואה (Pre-Med),650,
1,inst-2,אוניברסיטת אריאל בשומרון,prog-inst-2-21,מדעי התזונה,600,
1,inst-2,אוניברסיטת אריאל בשומרון,prog-inst-2-22,מתמטיקה,600,
1,inst-2,אוניברסיטת אריאל בשומרון,prog-inst-2-34,ניהול וכלכלה,630,
1,inst-2,אוניברסיטת אריאל בשומרון,prog-ariel-13,ניהול ומנהל עסקים,570,
1,inst-2,אוניברסיטת אריאל בשומרון,prog-inst-2-23,ניהול מערכות בריאות,630,
1,inst-2,אוניברסיטת אריאל בשומרון,prog-inst-2-24,סוציולוגיה ואנתרופולוגיה,600,
1,inst-2,אוניברסיטת אריאל בשומרון,prog-ariel-9,סיעוד,560,
1,inst-2,אוניברסיטת אריאל בשומרון,prog-inst-2-25,עבודה סוציאלית,640,
1,inst-2,אוניברסיטת אריאל בשומרון,prog-ariel-10,פיזיוטרפיה,640,
1,inst-2,אוניברסיטת אריאל בשומרון,prog-inst-2-26,פיזיותרפיה,600,
1,inst-2,אוניברסיטת אריאל בשומרון,prog-inst-2-27,פיזיקה,600,
1,inst-2,אוניברסיטת אריאל בשומרון,prog-inst-2-28,פסיכולוגיה,600,
1,inst-2,אוניברסיטת אריאל בשומרון,prog-inst-2-29,קרימינולוגיה,600,
1,inst-2,אוניברסיטת אריאל בשומרון,prog-inst-2-30,רב תחומי במדעי החברה והרוח,600,
1,inst-2,אוניברסיטת אריאל בשומרון,prog-inst-2-31,ריפוי בעיסוק,640,
1,inst-2,אוניברסיטת אריאל בשומרון,prog-inst-2-39,רפואה (M.D.),710,
1,inst-2,אוניברסיטת אריאל בשומרון,prog-inst-2-32,תקשורת,600,
1,inst-3,אוניברסיטת בן גוריון בנגב,prog-bgu-52,אמנות יצירה (אמנות יצירה חטיבה מורחבת - שילוב מדעי הטבע),450,https://www.bgu.ac.il/welcome/ba/reception-section-lobby/?semesters=012027
1,inst-3,אוניברסיטת בן גוריון בנגב,prog-bgu-170,הנדסה שנה א' - קמפוס אילת (הנדסה שנה א' חד-מחלקתי - קמפוס אילת),550,https://www.bgu.ac.il/welcome/ba/reception-section-lobby/?semesters=012027
1,inst-3,אוניברסיטת בן גוריון בנגב,prog-bgu-152,הנדסת חשמל ומחשבים (הנדסת חשמל ומחשבים חד מחלקתי - התמחות במתמטיקה),537,http://in.bgu.ac.il/welcome/Pages/degree_1/engn/Electrical_Computer_Engineering_degree_1.aspx
1,inst-3,אוניברסיטת בן גוריון בנגב,prog-bgu-189,הסבת אקדמאיים לאחיות (סיעוד) (הסבת אקדמאיים לאחיות (סיעוד) חד מחלקתי),640,https://www.bgu.ac.il/welcome/ba/reception-section-lobby/?semesters=012027
1,inst-3,אוניברסיטת בן גוריון בנגב,prog-bgu-186,השלמה לרפואת חרום (השלמה לרפואת חרום חד-מחלקתי),520,http://in.bgu.ac.il/welcome/Pages/degree_1/health/Emergency_Medicine_degree_1.aspx
1,inst-3,אוניברסיטת בן גוריון בנגב,prog-bgu-27,"חינוך (חינוך ראשי - הוראה, למידה ותוכניות לימודים)",600,http://in.bgu.ac.il/welcome/Pages/degree_1/humsos/Education_degree_1.aspx
1,inst-3,אוניברסיטת בן גוריון בנגב,prog-bgu-26,חינוך (חינוך ראשי - מנהל ומדיניות חינוך),600,http://in.bgu.ac.il/welcome/Pages/degree_1/humsos/Education_degree_1.aspx
1,inst-3,אוניברסיטת בן גוריון בנגב,prog-bgu-30,חינוך (חינוך ראשי - פסיכולוגיה במערכת החינוכית),600,http://in.bgu.ac.il/welcome/Pages/degree_1/humsos/Education_degree_1.aspx
1,inst-3,אוניברסיטת בן גוריון בנגב,prog-bgu-209,יזמות וחדשנות (יזמות וחדשנות דו מחלקתי - מדעי המחשב),655,https://www.bgu.ac.il/welcome/ba/reception-section-lobby/?semesters=012027
1,inst-3,אוניברסיטת בן גוריון בנגב,prog-bgu-208,יזמות וחדשנות (יזמות וחדשנות דו מחלקתי),590,https://www.bgu.ac.il/welcome/ba/reception-section-lobby/?semesters=012027
1,inst-3,אוניברסיטת בן גוריון בנגב,prog-bgu-41,כלכלה (כלכלה דו מחלקתי),600,http://in.bgu.ac.il/welcome/Pages/degree_1/humsos/Economics_degree_1.aspx
1,inst-3,אוניברסיטת בן גוריון בנגב,prog-bgu-43,כלכלה (כלכלה חד מחלקתי - חשבונאות),620,http://in.bgu.ac.il/welcome/Pages/degree_1/humsos/Economics_degree_1.aspx
1,inst-3,אוניברסיטת בן גוריון בנגב,prog-bgu-40,כלכלה (כלכלה חד מחלקתי - מנהל עסקים),600,http://in.bgu.ac.il/welcome/Pages/degree_1/humsos/Economics_degree_1.aspx
1,inst-3,אוניברסיטת בן גוריון בנגב,prog-bgu-44,כלכלה (כלכלה חד מחלקתי - מצטיינים - מנהל עסקים),680,http://in.bgu.ac.il/welcome/Pages/degree_1/humsos/Economics_degree_1.aspx
1,inst-3,אוניברסיטת בן גוריון בנגב,prog-bgu-42,כלכלה (כלכלה ראשי),600,http://in.bgu.ac.il/welcome/Pages/degree_1/humsos/Economics_degree_1.aspx
1,inst-3,אוניברסיטת בן גוריון בנגב,prog-bgu-54,לימודי מדינת ישראל - קמפוס אילת (לימודי מדינת ישראל דו מחלקתי - קמפוס אילת),400,http://in.bgu.ac.il/welcome/Pages/degree_1/humsos/Israel%20Studies_degree_1.aspx
1,inst-3,אוניברסיטת בן גוריון בנגב,prog-bgu-48,לימודים רב תחומיים - קמפוס אילת (לימודים רב תחומיים דו מחלקתי - קמפוס אילת),400,http://in.bgu.ac.il/welcome/Pages/degree_1/humsos/Study_multi_disciplinary_B.A.aspx
1,inst-3,אוניברסיטת בן גוריון בנגב,prog-bgu-182,מדעי האחיות (סיעוד) (מדעי האחיות (סיעוד) חד-מחלקתי),520,http://in.bgu.ac.il/welcome/Pages/degree_1/health/Nursing%20degree_1.aspx
1,inst-3,אוניברסיטת בן גוריון בנגב,prog-bgu-181,מדעי האחיות (סיעוד) - קמפוס אילת (מדעי האחיות (סיעוד) חד-מחלקתי - קמפוס אילת),520,http://in.bgu.ac.il/welcome/Pages/degree_1/health/Nursing%20degree_1.aspx
1,inst-3,אוניברסיטת בן גוריון בנגב,prog-bgu-122,מדעי החיים (מדעי החיים דו מחלקתי - פסיכוביולוגיה),670,http://in.bgu.ac.il/welcome/Pages/degree_1/nature/Life_Sciences_degree_1.aspx
1,inst-3,אוניברסיטת בן גוריון בנגב,prog-bgu-127,מדעי החיים - קמפוס אילת (מדעי החיים חד מחלקתי - ביולוגיה וביוטכנולוגיה ימית - קמפוס אילת),585,http://in.bgu.ac.il/welcome/Pages/degree_1/nature/Life_Sciences_degree_1.aspx
1,inst-3,אוניברסיטת בן גוריון בנגב,prog-bgu-1,מדעי הקוגניציה והמח (מדעי הקוגניציה והמח דו מחלקתי עם מדעי הטבע - שילוב עם מדעי המחשב),655,https://in.bgu.ac.il/welcome/Pages/degree_1/humsos/Cognitive_sciences_degree_1.aspx
1,inst-3,אוניברסיטת בן גוריון בנגב,prog-bgu-5,מדעי הקוגניציה והמח (מדעי הקוגניציה והמח דו מחלקתי עם מדעי הטבע),720,https://in.bgu.ac.il/welcome/Pages/degree_1/humsos/Cognitive_sciences_degree_1.aspx
1,inst-3,אוניברסיטת בן גוריון בנגב,prog-bgu-135,מדעי כדור הארץ והסביבה (מדעי כדור הארץ והסביבה משולב לתואר כפול - מדעי כדור הארץ והסביבה והנדסת בניין),640,http://in.bgu.ac.il/welcome/Pages/degree_1/nature/geology_environment_degree_1.aspx
1,inst-3,אוניברסיטת בן גוריון בנגב,prog-bgu-58,מוזיקה (מוזיקה חטיבה מורחבת),450,https://www.bgu.ac.il/welcome/ba/reception-section-lobby/?semesters=012027
1,inst-3,אוניברסיטת בן גוריון בנגב,prog-bgu-64,מתמטיקה (מתמטיקה דו מחלקתי -  מדעי הקוגניציה והמוח),620,http://in.bgu.ac.il/welcome/Pages/degree_1/nature/Mathematics_degree_1.aspx
1,inst-3,אוניברסיטת בן גוריון בנגב,prog-bgu-73,מתמטיקה (מתמטיקה דו מחלקתי - יזמות וחדשנות),600,http://in.bgu.ac.il/welcome/Pages/degree_1/nature/Mathematics_degree_1.aspx
1,inst-3,אוניברסיטת בן גוריון בנגב,prog-bgu-66,מתמטיקה (מתמטיקה דו מחלקתי - מחלקות הפקולטה למדעי הרוח והחברה),600,http://in.bgu.ac.il/welcome/Pages/degree_1/nature/Mathematics_degree_1.aspx
1,inst-3,אוניברסיטת בן גוריון בנגב,prog-bgu-67,מתמטיקה (מתמטיקה דו מחלקתי - מתמטיקה ומדעי המחשב),745,http://in.bgu.ac.il/welcome/Pages/degree_1/nature/Mathematics_degree_1.aspx
1,inst-3,אוניברסיטת בן גוריון בנגב,prog-bgu-65,מתמטיקה (מתמטיקה דו מחלקתי - קיימות ושמירת סביבה),600,http://in.bgu.ac.il/welcome/Pages/degree_1/nature/Mathematics_degree_1.aspx
1,inst-3,אוניברסיטת בן גוריון בנגב,prog-bgu-72,מתמטיקה (מתמטיקה חד-מחלקתי - מתמטיקה כללית),600,http://in.bgu.ac.il/welcome/Pages/degree_1/nature/Mathematics_degree_1.aspx
1,inst-3,אוניברסיטת בן גוריון בנגב,prog-bgu-61,מתמטיקה (מתמטיקה משולב לתואר כפול - והנדסת חשמל ומחשבים),650,http://in.bgu.ac.il/welcome/Pages/degree_1/nature/Mathematics_degree_1.aspx
1,inst-3,אוניברסיטת בן גוריון בנגב,prog-bgu-62,מתמטיקה (מתמטיקה משולב לתואר כפול - והנדסת מכונות),650,http://in.bgu.ac.il/welcome/Pages/degree_1/nature/Mathematics_degree_1.aspx
1,inst-3,אוניברסיטת בן גוריון בנגב,prog-bgu-68,מתמטיקה (מתמטיקה ראשי - מדעי הטבע),600,http://in.bgu.ac.il/welcome/Pages/degree_1/nature/Mathematics_degree_1.aspx
1,inst-3,אוניברסיטת בן גוריון בנגב,prog-bgu-63,מתמטיקה (מתמטיקה ראשי),600,http://in.bgu.ac.il/welcome/Pages/degree_1/nature/Mathematics_degree_1.aspx
1,inst-3,אוניברסיטת בן גוריון בנגב,prog-bgu-200,ניהול (ניהול דו מחלקתי - מדעי החיים),600,http://in.bgu.ac.il/welcome/Pages/degree_1/fom/Management_Degree_1.aspx
1,inst-3,אוניברסיטת בן גוריון בנגב,prog-bgu-199,ניהול (ניהול דו מחלקתי - מדעי המחשב),655,http://in.bgu.ac.il/welcome/Pages/degree_1/fom/Management_Degree_1.aspx
1,inst-3,אוניברסיטת בן גוריון בנגב,prog-bgu-193,ניהול (ניהול חטיבה - עם מוח קוגניציה ראשי),720,http://in.bgu.ac.il/welcome/Pages/degree_1/fom/Management_Degree_1.aspx
1,inst-3,אוניברסיטת בן גוריון בנגב,prog-bgu-60,ניהול וישוב סכסוכים (ניהול וישוב סכסוכים חטיבה מורחבת),500,http://in.bgu.ac.il/humsos/Pages/default.aspx
1,inst-3,אוניברסיטת בן גוריון בנגב,prog-bgu-202,ניהול תיירות ופנאי (ניהול תיירות ופנאי ראשי),500,http://in.bgu.ac.il/welcome/Pages/degree_1/fom/Hotel_Tourism_Management_degree_1.aspx
1,inst-3,אוניברסיטת בן גוריון בנגב,prog-bgu-204,ניהול תיירות ופנאי - קמפוס אילת (ניהול תיירות ופנאי חד מחלקתי - קמפוס אילת),500,http://in.bgu.ac.il/welcome/Pages/degree_1/fom/Hotel_Tourism_Management_degree_1.aspx
1,inst-3,אוניברסיטת בן גוריון בנגב,prog-bgu-146,סטטיסטיקה וניתוח נתונים (סטטיסטיקה וניתוח נתונים דו מחלקתי - מתמטיקה),680,https://www.bgu.ac.il/welcome/ba/reception-section-lobby/?semesters=012027
1,inst-3,אוניברסיטת בן גוריון בנגב,prog-bgu-143,קיימות ושמירת סביבה (קיימות ושמירת סביבה דו מחלקתי),500,https://www.bgu.ac.il/welcome/ba/reception-section-lobby/?semesters=012027
1,inst-3,אוניברסיטת בן גוריון בנגב,prog-bgu-144,קיימות ושמירת סביבה (קיימות ושמירת סביבה קיימות וסביבה- חטיבה),500,https://www.bgu.ac.il/welcome/ba/reception-section-lobby/?semesters=012027
1,inst-3,אוניברסיטת בן גוריון בנגב,prog-bgu-188,ריפוי בעיסוק (ריפוי בעיסוק חד מחלקתי),620,https://www.bgu.ac.il/welcome/ba/reception-section-lobby/?semesters=012027
1,inst-3,אוניברסיטת בן גוריון בנגב,prog-bgu-180,רפואה על שם ג'ויס וארוינג גולדמן (רפואה על שם ג'ויס וארוינג גולדמן חד-מחלקתי),735,http://in.bgu.ac.il/welcome/Pages/degree_1/health/School_of_Medicine.aspx
1,inst-3,אוניברסיטת בן גוריון בנגב,prog-bgu-185,רפואת חרום (רפואת חרום חד-מחלקתי),520,http://in.bgu.ac.il/welcome/Pages/degree_1/health/Emergency_Medicine_degree_1.aspx
1,inst-38,אוניברסיטת רייכמן (הבינתחומי הרצליה),prog-inst-38-1,יזמות,640,
1,inst-38,אוניברסיטת רייכמן (הבינתחומי הרצליה),prog-reichman-2,מדע הנתונים (B.Sc),650,
1,inst-38,אוניברסיטת רייכמן (הבינתחומי הרצליה),prog-inst-38-23,מדע הנתונים ויזמות,650,
1,inst-38,אוניברסיטת רייכמן (הבינתחומי הרצליה),prog-inst-38-6,משפטים,620,
1,inst-38,אוניברסיטת רייכמן (הבינתחומי הרצליה),prog-inst-38-19,פסיכולוגיה ויזמות,630,
1,inst-38,אוניברסיטת רייכמן (הבינתחומי הרצליה),prog-inst-38-20,פסיכולוגיה וקוגניציה,630,
1,inst-38,אוניברסיטת רייכמן (הבינתחומי הרצליה),prog-inst-38-8,קיימות,600,
1,inst-38,אוניברסיטת רייכמן (הבינתחומי הרצליה),prog-inst-38-13,רפואה (M.D.),710,
1,inst-38,אוניברסיטת רייכמן (הבינתחומי הרצליה),prog-inst-38-18,תקשורת ויזמות,600,
1,inst-4,אוניברסיטת בר אילן,prog-inst-4-1,אופטומטריה,600,
1,inst-4,אוניברסיטת בר אילן,prog-inst-4-2,אמנות יהודית,600,
1,inst-4,אוניברסיטת בר אילן,prog-inst-4-3,אנגלית,600,
1,inst-4,אוניברסיטת בר אילן,prog-inst-4-4,אנגלית-בלשנות,600,
1,inst-4,אוניברסיטת בר אילן,prog-inst-4-5,אנגלית-ספרות,600,
1,inst-4,אוניברסיטת בר אילן,prog-inst-4-6,בוטניקה,600,
1,inst-4,אוניברסיטת בר אילן,prog-inst-4-7,ביוטכנולוגיה,600,
1,inst-4,אוניברסיטת בר אילן,prog-inst-4-8,ביוכימיה,600,
1,inst-4,אוניברסיטת בר אילן,prog-inst-4-9,ביולוגיה הומנית,600,
1,inst-4,אוניברסיטת בר אילן,prog-inst-4-10,ביולוגיה התנהגותית,600,
1,inst-4,אוניברסיטת בר אילן,prog-inst-4-11,ביולוגיה חישובית,600,
1,inst-4,אוניברסיטת בר אילן,prog-inst-4-12,גיאוגרפיה ולימודי סביבה,600,
1,inst-4,אוניברסיטת בר אילן,prog-inst-4-13,דימות רפואי,600,
1,inst-4,אוניברסיטת בר אילן,prog-inst-4-14,היסטוריה כללית,600,
1,inst-4,אוניברסיטת בר אילן,prog-inst-4-96,הנדסה ביו-רפואית,650,
1,inst-4,אוניברסיטת בר אילן,prog-inst-4-15,הנדסת חשמל,680,
1,inst-4,אוניברסיטת בר אילן,prog-inst-4-16,הנדסת מחשבים,650,
1,inst-4,אוניברסיטת בר אילן,prog-biu-6,הנדסת נתונים ובינה מלאכותית,650,
1,inst-4,אוניברסיטת בר אילן,prog-biu-4,הנדסת תוכנה,640,
1,inst-4,אוניברסיטת בר אילן,prog-inst-4-17,הנדסת תעשייה ומערכות מידע,650,
1,inst-4,אוניברסיטת בר אילן,prog-inst-4-18,חינוך,600,
1,inst-4,אוניברסיטת בר אילן,prog-inst-4-19,חינוך לא פורמלי,600,
1,inst-4,אוניברסיטת בר אילן,prog-inst-4-20,חינוך לגיל הרך,600,
1,inst-4,אוניברסיטת בר אילן,prog-inst-4-21,חינוך מיוחד,600,
1,inst-4,אוניברסיטת בר אילן,prog-inst-4-22,ייעוץ חינוכי,600,
1,inst-4,אוניברסיטת בר אילן,prog-inst-4-23,יסודות החינוך,600,
1,inst-4,אוניברסיטת בר אילן,prog-inst-4-24,כימיה,600,
1,inst-4,אוניברסיטת בר אילן,prog-inst-4-25,כימיה של חומרים,600,
1,inst-4,אוניברסיטת בר אילן,prog-inst-4-26,כימיה תרופתית,600,
1,inst-4,אוניברסיטת בר אילן,prog-inst-4-27,כלכלה,620,
1,inst-4,אוניברסיטת בר אילן,prog-inst-4-28,כלכלה וחשבונאות,630,
1,inst-4,אוניברסיטת בר אילן,prog-inst-4-29,כלכלה ומנהל עסקים,630,
1,inst-4,אוניברסיטת בר אילן,prog-inst-4-84,כלכלה עם התמחות בחשבונאות,630,
1,inst-4,אוניברסיטת בר אילן,prog-inst-4-78,כלכלה עם התמחות במנהל עסקים,630,
1,inst-4,אוניברסיטת בר אילן,prog-inst-4-88,"כלכלה, סוציולוגיה ומדעי המדינה",580,
1,inst-4,אוניברסיטת בר אילן,prog-inst-4-90,כלכלה-חשבונאות,630,
1,inst-4,אוניברסיטת בר אילן,prog-inst-4-30,לוגיסטיקה כלכלה ולימודים בין תחומיים,630,
1,inst-4,אוניברסיטת בר אילן,prog-inst-4-31,לימודי ארץ ישראל,600,
1,inst-4,אוניברסיטת בר אילן,prog-inst-4-32,לימודי ארץ ישראל וארכיאולוגיה,600,
1,inst-4,אוניברסיטת בר אילן,prog-inst-4-33,לימודי מזרח תיכון,600,
1,inst-4,אוניברסיטת בר אילן,prog-inst-4-34,לימודי מידע,600,
1,inst-4,אוניברסיטת בר אילן,prog-inst-4-35,לימודי מידע וטכנולוגיות אינטרנט,600,
1,inst-4,אוניברסיטת בר אילן,prog-inst-4-77,לימודים בתחום כלכלה סוציולוגיה ומדעי המדינה,630,
1,inst-4,אוניברסיטת בר אילן,prog-inst-4-83,"לימודים בתחום כלכלה, סוציולוגיה ומדעי המדינה",630,
1,inst-4,אוניברסיטת בר אילן,prog-inst-4-82,לימודים בתחום מדעי החברה ומדעי הטבע,600,
1,inst-4,אוניברסיטת בר אילן,prog-inst-4-36,לימודים קלאסיים,600,
1,inst-4,אוניברסיטת בר אילן,prog-inst-4-37,לשון עברית,600,
1,inst-4,אוניברסיטת בר אילן,prog-inst-4-97,מדע הנתונים,680,
1,inst-4,אוניברסיטת בר אילן,prog-inst-4-38,מדעי החיים,610,
1,inst-4,אוניברסיטת בר אילן,prog-inst-4-39,מדעי המדינה,600,
1,inst-4,אוניברסיטת בר אילן,prog-inst-4-40,מדעי המוח,680,
1,inst-4,אוניברסיטת בר אילן,prog-inst-4-100,מדעי המוח ומדעי המחשב,690,
1,inst-4,אוניברסיטת בר אילן,prog-inst-4-41,מדעי המחשב,690,
1,inst-4,אוניברסיטת בר אילן,prog-inst-4-98,מדעי המחשב ומתמטיקה,690,
1,inst-4,אוניברסיטת בר אילן,prog-inst-4-99,מדעי המחשב ופיזיקה,690,
1,inst-4,אוניברסיטת בר אילן,prog-inst-4-42,מדעים מדויקים ומדעי החיים - ביופיסיקה,600,
1,inst-4,אוניברסיטת בר אילן,prog-inst-4-43,מוזיקה,600,
1,inst-4,אוניברסיטת בר אילן,prog-inst-4-44,מחשבת ישראל,680,
1,inst-4,אוניברסיטת בר אילן,prog-biu-10,מינהל עסקים,630,
1,inst-4,אוניברסיטת בר אילן,prog-inst-4-45,מנהיגות וניהול מערכות חינוך,630,
1,inst-4,אוניברסיטת בר אילן,prog-inst-4-46,מנהל ופקוח,600,
1,inst-4,אוניברסיטת בר אילן,prog-inst-4-47,משולב מדעי החברה,600,
1,inst-4,אוניברסיטת בר אילן,prog-inst-4-86,"משני סטטיסטיקה, משני מדעי המחשב, משני כלכלה",680,
1,inst-4,אוניברסיטת בר אילן,prog-inst-4-48,משפטים,720,
1,inst-4,אוניברסיטת בר אילן,prog-inst-4-49,מתמטיקה,600,
1,inst-4,אוניברסיטת בר אילן,prog-inst-4-50,מתמטיקה שימושית,600,
1,inst-4,אוניברסיטת בר אילן,prog-inst-4-51,ניהול טכנולוגיה,630,
1,inst-4,אוניברסיטת בר אילן,prog-inst-4-52,ניהול לוגיסטיקה,630,
1,inst-4,אוניברסיטת בר אילן,prog-inst-4-53,ניהול משאבי אנוש,630,
1,inst-4,אוניברסיטת בר אילן,prog-inst-4-54,סוציולוגיה ואנתרופולוגיה,600,
1,inst-4,אוניברסיטת בר אילן,prog-inst-4-55,סטטיסטיקה,600,
1,inst-4,אוניברסיטת בר אילן,prog-inst-4-56,ספרות משווה,600,
1,inst-4,אוניברסיטת בר אילן,prog-inst-4-57,ספרות עם ישראל,600,
1,inst-4,אוניברסיטת בר אילן,prog-inst-4-58,עבודה סוציאלית,615,
1,inst-4,אוניברסיטת בר אילן,prog-inst-4-59,ערבית,600,
1,inst-4,אוניברסיטת בר אילן,prog-inst-4-60,פיזיקה,600,
1,inst-4,אוניברסיטת בר אילן,prog-inst-4-61,פיזיקה חישובית קוונטית,600,
1,inst-4,אוניברסיטת בר אילן,prog-inst-4-62,פילוסופיה כללית,600,
1,inst-4,אוניברסיטת בר אילן,prog-inst-4-63,פילוסופיה כללית ויהודית,600,
1,inst-4,אוניברסיטת בר אילן,prog-inst-4-64,פסיכולוגיה,660,
1,inst-4,אוניברסיטת בר אילן,prog-inst-4-65,צרפתית,600,
1,inst-4,אוניברסיטת בר אילן,prog-inst-4-66,קרימינולוגיה,600,
1,inst-4,אוניברסיטת בר אילן,prog-inst-4-91,ראשי כלכלה משני מדעי המחשב,680,
1,inst-4,אוניברסיטת בר אילן,prog-inst-4-89,ראשי לימודי מידע ומשני גיאוגרפיה וסביבה,600,
1,inst-4,אוניברסיטת בר אילן,prog-inst-4-85,ראשי סוציולוגיה ואנתרופולוגיה ומשני מדעי המדינה וכלכלה,630,
1,inst-4,אוניברסיטת בר אילן,prog-inst-4-79,ראשי פסיכולוגיה משני כלכלה,640,
1,inst-4,אוניברסיטת בר אילן,prog-inst-4-87,ראשי תקשורת ומשני מדעי המדינה,600,
1,inst-4,אוניברסיטת בר אילן,prog-inst-4-67,רב תחומי,600,
1,inst-4,אוניברסיטת בר אילן,prog-inst-4-80,"רב תחומי בכלכלה, חשבונאות ומנהל עסקים",630,
1,inst-4,אוניברסיטת בר אילן,prog-inst-4-81,רב תחומי במגמת חברה וכלכלה,630,
1,inst-4,אוניברסיטת בר אילן,prog-inst-4-68,רב תחומי במדעי החברה,600,
1,inst-4,אוניברסיטת בר אילן,prog-inst-4-69,רב תחומי במדעי היהדות,600,
1,inst-4,אוניברסיטת בר אילן,prog-inst-4-70,רב תחומי במדעי הרוח,600,
1,inst-4,אוניברסיטת בר אילן,prog-inst-4-95,רפואה (M.D.),735,
1,inst-4,אוניברסיטת בר אילן,prog-inst-4-71,תולדות ישראל,600,
1,inst-4,אוניברסיטת בר אילן,prog-inst-4-72,תורה שבעל פה,600,
1,inst-4,אוניברסיטת בר אילן,prog-inst-4-73,תלמוד,600,
1,inst-4,אוניברסיטת בר אילן,prog-inst-4-74,"תנ""ך",600,
1,inst-4,אוניברסיטת בר אילן,prog-inst-4-75,תקשורת,600,
1,inst-4,אוניברסיטת בר אילן,prog-inst-4-76,תרבות צרפת,600,
1,inst-48,הטכניון - מכון טכנולוגי לישראל,prog-inst-48-47,ביוכימיה מולקולרית,84,
1,inst-48,הטכניון - מכון טכנולוגי לישראל,prog-inst-48-48,כלכלה וניהול,88,
1,inst-5,אוניברסיטת חיפה,prog-inst-5-1,אומנות יצירה,600,
1,inst-5,אוניברסיטת חיפה,prog-inst-5-2,אופקים,600,
1,inst-5,אוניברסיטת חיפה,prog-inst-5-3,ארכיאולוגיה,600,
1,inst-5,אוניברסיטת חיפה,prog-inst-5-55,ביואינפורמטיקה,660,
1,inst-5,אוניברסיטת חיפה,prog-inst-5-4,ביולוגיה,600,
1,inst-5,אוניברסיטת חיפה,prog-inst-5-5,ביופיזיקה,600,
1,inst-5,אוניברסיטת חיפה,prog-inst-5-6,גיאוגרפיה ולימודי סביבה,600,
1,inst-5,אוניברסיטת חיפה,prog-inst-5-48,דו מחלקתי ניהול ופסיכולוגיה,670,
1,inst-5,אוניברסיטת חיפה,prog-inst-5-7,דימות רפואי,600,
1,inst-5,אוניברסיטת חיפה,prog-inst-5-8,הוראת מדעים ביולוגיה,600,
1,inst-5,אוניברסיטת חיפה,prog-inst-5-51,הנדסת מערכות מידע,630,
1,inst-5,אוניברסיטת חיפה,prog-inst-5-9,הפרעות בתקשורת,580,
1,inst-5,אוניברסיטת חיפה,prog-inst-5-10,חינוך מיוחד,600,
1,inst-5,אוניברסיטת חיפה,prog-inst-5-11,ייעוץ והתפתחות האדם,600,
1,inst-5,אוניברסיטת חיפה,prog-inst-5-12,כלכלה,620,
1,inst-5,אוניברסיטת חיפה,prog-inst-5-46,כלכלה ופסיכולוגיה,640,
1,inst-5,אוניברסיטת חיפה,prog-inst-5-13,לימודי אסיה,600,
1,inst-5,אוניברסיטת חיפה,prog-inst-5-14,לימודי ארץ ישראל,600,
1,inst-5,אוניברסיטת חיפה,prog-inst-5-15,לימודים רב תחומיים,600,
1,inst-5,אוניברסיטת חיפה,prog-inst-5-16,מדעי הלמידה וההוראה,600,
1,inst-5,אוניברסיטת חיפה,prog-inst-5-17,מדעי המדינה,600,
1,inst-5,אוניברסיטת חיפה,prog-inst-5-18,מדעי המחשב,660,
1,inst-5,אוניברסיטת חיפה,prog-inst-5-52,מדעי המחשב ומתמטיקה,660,
1,inst-5,אוניברסיטת חיפה,prog-inst-5-19,מדעי הנתונים,680,
1,inst-5,אוניברסיטת חיפה,prog-inst-5-20,מדעי הקוגניציה,600,
1,inst-5,אוניברסיטת חיפה,prog-inst-5-21,מדעי הרוח הדיגיטליים,600,
1,inst-5,אוניברסיטת חיפה,prog-inst-5-22,מדעי הרפואה,740,
1,inst-5,אוניברסיטת חיפה,prog-inst-5-23,מוסיקה,600,
1,inst-5,אוניברסיטת חיפה,prog-inst-5-24,מחשבת ישראל,680,
1,inst-5,אוניברסיטת חיפה,prog-inst-5-25,מערכות מידע,630,
1,inst-5,אוניברסיטת חיפה,prog-inst-5-26,מקרא,600,
1,inst-5,אוניברסיטת חיפה,prog-inst-5-27,משפטים,660,
1,inst-5,אוניברסיטת חיפה,prog-inst-5-28,מתמטיקה,600,
1,inst-5,אוניברסיטת חיפה,prog-inst-5-47,מתמטיקה עם לימודי מחשב,680,
1,inst-5,אוניברסיטת חיפה,prog-inst-5-56,ניהול ומנהל עסקים,600,
1,inst-5,אוניברסיטת חיפה,prog-inst-5-29,סוציולוגיה,600,
1,inst-5,אוניברסיטת חיפה,prog-inst-5-30,סטטיסטיקה,600,
1,inst-5,אוניברסיטת חיפה,prog-haifa-5,סיעוד,580,
1,inst-5,אוניברסיטת חיפה,prog-inst-5-31,ספרות עברית והשוואתית,600,
1,inst-5,אוניברסיטת חיפה,prog-inst-5-32,עבודה סוציאלית,615,
1,inst-5,אוניברסיטת חיפה,prog-inst-5-49,פוליטיקה ממשל וכלכלה,630,
1,inst-5,אוניברסיטת חיפה,prog-inst-5-33,פיזיותרפיה,600,
1,inst-5,אוניברסיטת חיפה,prog-inst-5-34,פילוסופיה,600,
1,inst-5,אוניברסיטת חיפה,prog-inst-5-35,פילוסופיה כלכלה ומדע המדינה,630,
1,inst-5,אוניברסיטת חיפה,prog-inst-5-54,פסיכוביולוגיה,670,
1,inst-5,אוניברסיטת חיפה,prog-inst-5-36,פסיכולוגיה,640,
1,inst-5,אוניברסיטת חיפה,prog-inst-5-53,קוגניציה ופסיכולוגיה,680,
1,inst-5,אוניברסיטת חיפה,prog-inst-5-37,קרימינולוגיה,600,
1,inst-5,אוניברסיטת חיפה,prog-inst-5-45,"רב תחומי וכלכלה תכנית ""חבצלות""",630,
1,inst-5,אוניברסיטת חיפה,prog-inst-5-38,ריפוי בעיסוק,650,
1,inst-5,אוניברסיטת חיפה,prog-inst-5-39,שירותי אנוש,600,
1,inst-5,אוניברסיטת חיפה,prog-inst-5-40,שפה וספרות אנגלית,600,
1,inst-5,אוניברסיטת חיפה,prog-inst-5-41,שפה וספרות ערבית,600,
1,inst-5,אוניברסיטת חיפה,prog-inst-5-42,תולדות האמנות,600,
1,inst-5,אוניברסיטת חיפה,prog-inst-5-43,תיאטרון,600,
1,inst-5,אוניברסיטת חיפה,prog-inst-5-44,תקשורת,600,
1,inst-6,אוניברסיטת תל אביב,prog-tau-0162-14,הסבת אקדמאים למדעי האחיוּת (Nursing),520,
1,inst-6,אוניברסיטת תל אביב,prog-tau-1821-87,"התוכנית הבין-תחומית לתלמידים מצטיינים ע""ש עדי לאוטמן",740,
1,inst-6,אוניברסיטת תל אביב,prog-tau-1822-1,"התוכנית החד-תחומית לתלמידים מצטיינים ע""ש עדי לאוטמן",740,
1,inst-6,אוניברסיטת תל אביב,prog-tau-0811-100,לימודי בימוי - מסלול מואץ לתואר ראשון ושני באמנות התיאטרון,560,
1,inst-6,אוניברסיטת תל אביב,prog-tau-0851-9,לימודי מדיה דיגיטלית - מסלול מואץ לתואר ראשון ושני בקולנוע וטלוויזיה,580,
1,inst-6,אוניברסיטת תל אביב,prog-tau-0811-5,לימודי משחק - מסלול מואץ לתואר ראשון ושני באמנות התיאטרון,560,
1,inst-6,אוניברסיטת תל אביב,prog-tau-0861-6,"לימודי עיצוב במה, קולנוע וטלוויזיה-מסלול מואץ לתואר ראשון ותואר שני",560,
1,inst-6,אוניברסיטת תל אביב,prog-tau-0102-35,לימודי רפואה (MD) עם תכנית נוספת,735,
1,inst-6,אוניברסיטת תל אביב,prog-tau-0111-18,"לימודי תואר ""דוקטור ברפואה""",730,
1,inst-6,אוניברסיטת תל אביב,prog-tau-0191-83,"לימודי תואר ""דוקטור לרפואת שיניים""",680,
1,inst-6,אוניברסיטת תל אביב,prog-tau-0842-102,לימודי תעודת אמן - מגמה לביצוע מוזיקלי,550,
1,inst-6,אוניברסיטת תל אביב,prog-tau-0769-73,לימודי תעודת הוראה,550,
1,inst-6,אוניברסיטת תל אביב,prog-tau-1071-50,מסלול חקר התודעה והקוגניציה במסגרת תואר ראשון דו חוגי בפסיכולוגיה ובפילוסופיה,660,
1,inst-6,אוניברסיטת תל אביב,prog-tau-1071-57,מסלול כלכלה התנהגותית במסגרת תואר ראשון דו חוגי בכלכלה ובפסיכולוגיה,675,
1,inst-6,אוניברסיטת תל אביב,prog-tau-1041-88,מסלול מנהיגות ומשאבי אנוש במסגרת תואר ראשון דו–חוגי בלימודי עבודה ובסוציולוגיה ואנתרופולוגיה,580,
1,inst-6,אוניברסיטת תל אביב,prog-tau-0671-45,תואר ראשון בארכיאולוגיה ותרבויות המזרח הקדום,560,
1,inst-6,אוניברסיטת תל אביב,prog-tau-0627-47,תואר ראשון בבלשנות,560,
1,inst-6,אוניברסיטת תל אביב,prog-tau-0624-43,תואר ראשון בבלשנות שמית,560,
1,inst-6,אוניברסיטת תל אביב,prog-tau-0621-29,תואר ראשון בהיסטוריה כללית,560,
1,inst-6,אוניברסיטת תל אביב,prog-tau-0622-48,תואר ראשון בהיסטוריה של המזרח התיכון ואפריקה,560,
1,inst-6,אוניברסיטת תל אביב,prog-tau-0614-37,תואר ראשון בחוג ללשון עברית,560,
1,inst-6,אוניברסיטת תל אביב,prog-tau-0811-4,תואר ראשון בלימודי אמנות התיאטרון,560,
1,inst-6,אוניברסיטת תל אביב,prog-tau-0455-19,תואר ראשון בלימודי ביולוגיה - מסלול הצטיינות מחקרי,680,
1,inst-6,אוניברסיטת תל אביב,prog-tau-0631-40,תואר ראשון בלימודי הערבית והאסלאם,560,
1,inst-6,אוניברסיטת תל אביב,prog-tau-0161-17,תואר ראשון בלימודי הפרעות בתקשורת,654,
1,inst-6,אוניברסיטת תל אביב,prog-tau-0842-11,תואר ראשון בלימודי מוזיקה,560,
1,inst-6,אוניברסיטת תל אביב,prog-tau-0687-39,תואר ראשון בלימודי מזרח אסיה,575,
1,inst-6,אוניברסיטת תל אביב,prog-tau-0851-8,תואר ראשון בלימודי קולנוע וטלוויזיה,580,
1,inst-6,אוניברסיטת תל אביב,prog-tau-0821-10,תואר ראשון בלימודי תולדות האמנות,560,
1,inst-6,אוניברסיטת תל אביב,prog-tau-0672-34,תואר ראשון בלימודים קלאסיים - יוון ורומא,560,
1,inst-6,אוניברסיטת תל אביב,prog-tau-0677-33,תואר ראשון במסלול לימודי ישראל בחוג להיסטוריה של עם ישראל,560,
1,inst-6,אוניברסיטת תל אביב,prog-tau-0612-41,תואר ראשון במקרא,560,
1,inst-6,אוניברסיטת תל אביב,prog-tau-0680-42,תואר ראשון בספרות,560,
1,inst-6,אוניברסיטת תל אביב,prog-tau-0626-44,תואר ראשון בספרות אנגלית ולימודים אמריקניים,570,
1,inst-6,אוניברסיטת תל אביב,prog-tau-0164-16,תואר ראשון בפיזיותרפיה,650,
1,inst-6,אוניברסיטת תל אביב,prog-tau-0321-32,תואר ראשון בפיזיקה ובמדעי המחשב במסלול מחשוב קוונטי,730,
1,inst-6,אוניברסיטת תל אביב,prog-tau-0618-27,תואר ראשון בפילוסופיה,560,
1,inst-6,אוניברסיטת תל אביב,prog-tau-0616-38,תואר ראשון בפילוסופיה יהודית,560,
1,inst-6,אוניברסיטת תל אביב,prog-tau-0861-7,תואר ראשון בתוכנית הרב-תחומית באמנויות,560,
1,inst-6,אוניברסיטת תל אביב,prog-tau-0662-46,תואר ראשון בתוכנית הרב-תחומית במדעי הרוח,560,
1,inst-6,אוניברסיטת תל אביב,prog-tau-0683-36,תואר ראשון בתלמוד,560,
1,inst-6,אוניברסיטת תל אביב,prog-tau-0627-58,תואר ראשון דו-חוגי בפסיכולוגיה ובבלשנות - פסיכו-בלשנות,670,
1,inst-6,אוניברסיטת תל אביב,prog-tau-1501-106,תוכנית דו-חוגית במדעי המוח ובמדעי הסביבה עם חטיבה בבינה מלאכותית ובמדעי הנתונים,690,
3,inst-10,בצלאל אקדמיה לעיצוב ואומנות ירושלים,prog-inst-10-1,ארכיטקטורה,0,
3,inst-10,בצלאל אקדמיה לעיצוב ואומנות ירושלים,prog-inst-10-2,עיצוב אורבני,0,
3,inst-10,בצלאל אקדמיה לעיצוב ואומנות ירושלים,prog-inst-10-3,עיצוב תעשייתי,0,
3,inst-10,בצלאל אקדמיה לעיצוב ואומנות ירושלים,prog-inst-10-4,תקשורת חזותית,0,
3,inst-10,בצלאל אקדמיה לעיצוב ואומנות ירושלים,prog-inst-10-5,תרבות חזותית וחומרית,0,
3,inst-11,האוניברסיטה הפתוחה,prog-inst-11-1,אמנויות,600,
3,inst-11,האוניברסיטה הפתוחה,prog-inst-11-2,היסטוריה,600,
3,inst-11,האוניברסיטה הפתוחה,prog-inst-11-3,היסטוריה של המזרח התיכון ותרבויותיו,600,
3,inst-11,האוניברסיטה הפתוחה,prog-inst-11-4,הנדסת תוכנה,680,
3,inst-11,האוניברסיטה הפתוחה,prog-inst-11-5,הנדסת תעשייה וניהול,680,
3,inst-11,האוניברסיטה הפתוחה,prog-inst-11-6,חינוך,600,
3,inst-11,האוניברסיטה הפתוחה,prog-inst-11-7,חשבונאות,630,
3,inst-11,האוניברסיטה הפתוחה,prog-inst-11-44,חשבונאות עם חטיבה בכלכלה,0,
3,inst-11,האוניברסיטה הפתוחה,prog-inst-11-8,כימיה,600,
3,inst-11,האוניברסיטה הפתוחה,prog-inst-11-9,כלכלה,630,
3,inst-11,האוניברסיטה הפתוחה,prog-inst-11-42,כלכלה ומדע המדינה ויחסים בין-לאומיים,630,
3,inst-11,האוניברסיטה הפתוחה,prog-inst-11-10,לימודי אפריקה,600,
3,inst-11,האוניברסיטה הפתוחה,prog-inst-11-11,לימודים כלליים,600,
3,inst-11,האוניברסיטה הפתוחה,prog-inst-11-12,לימודים כלליים במדעי החברה,600,
3,inst-11,האוניברסיטה הפתוחה,prog-inst-11-13,לימודים כלליים במדעי הרוח,600,
3,inst-11,האוניברסיטה הפתוחה,prog-inst-11-14,מדע המדינה ויחסים בין לאומיים,600,
3,inst-11,האוניברסיטה הפתוחה,prog-openu-3,מדע הנתונים,0,
3,inst-11,האוניברסיטה הפתוחה,prog-inst-11-46,מדעי בריאות הסביבה,600,
3,inst-11,האוניברסיטה הפתוחה,prog-inst-11-15,מדעי החברה,600,
3,inst-11,האוניברסיטה הפתוחה,prog-inst-11-29,מדעי החברה בהדגשת ניהול,630,
3,inst-11,האוניברסיטה הפתוחה,prog-inst-11-16,מדעי החברה והרוח,600,
3,inst-11,האוניברסיטה הפתוחה,prog-inst-11-17,מדעי החיים,600,
3,inst-11,האוניברסיטה הפתוחה,prog-inst-11-18,מדעי הטבע,600,
3,inst-11,האוניברסיטה הפתוחה,prog-inst-11-19,מדעי היהדות,600,
3,inst-11,האוניברסיטה הפתוחה,prog-inst-11-20,מדעי המדינה ומדיניות ציבורית,600,
3,inst-11,האוניברסיטה הפתוחה,prog-inst-11-21,מדעי המחשב,0,
3,inst-11,האוניברסיטה הפתוחה,prog-inst-11-22,מדעי המחשב מערכות ויישומים,680,
3,inst-11,האוניברסיטה הפתוחה,prog-inst-11-23,מדעי הקוגניציה,600,
3,inst-11,האוניברסיטה הפתוחה,prog-inst-11-24,מדעי הרוח,600,
3,inst-11,האוניברסיטה הפתוחה,prog-inst-11-25,מדעי הרוח והחברה,600,
3,inst-11,האוניברסיטה הפתוחה,prog-inst-11-26,מדעי כדור הארץ,600,
3,inst-11,האוניברסיטה הפתוחה,prog-inst-11-27,מדעים,600,
3,inst-11,האוניברסיטה הפתוחה,prog-openu-7,מערכות מידע,0,
3,inst-11,האוניברסיטה הפתוחה,prog-inst-11-28,מתמטיקה,0,
3,inst-11,האוניברסיטה הפתוחה,prog-inst-11-30,ניהול,0,
3,inst-11,האוניברסיטה הפתוחה,prog-inst-11-40,ניהול וכלכלה,630,
3,inst-11,האוניברסיטה הפתוחה,prog-inst-11-47,ניהול ושיווק טכנולוגיה,630,
3,inst-11,האוניברסיטה הפתוחה,prog-inst-11-43,ניהול עם חטיבה ביחסי עבודה,630,
3,inst-11,האוניברסיטה הפתוחה,prog-inst-11-45,"ניהול, מדע המדינה ויחסים בין-לאומיים",630,
3,inst-11,האוניברסיטה הפתוחה,prog-inst-11-31,סוציולוגיה,600,
3,inst-11,האוניברסיטה הפתוחה,prog-inst-11-32,ספרות,600,
3,inst-11,האוניברסיטה הפתוחה,prog-inst-11-33,פיזיקה,600,
3,inst-11,האוניברסיטה הפתוחה,prog-inst-11-34,פילוסופיה,600,
3,inst-11,האוניברסיטה הפתוחה,prog-inst-11-35,פילוסופיה כלכלה ומדע המדינה,630,
3,inst-11,האוניברסיטה הפתוחה,prog-inst-11-36,פסיכולוגיה,0,
3,inst-11,האוניברסיטה הפתוחה,prog-inst-11-41,פסיכולוגיה וניהול,640,
3,inst-11,האוניברסיטה הפתוחה,prog-inst-11-37,קולנוע,600,
3,inst-11,האוניברסיטה הפתוחה,prog-inst-11-38,תולדות האמנות,600,
3,inst-11,האוניברסיטה הפתוחה,prog-inst-11-39,תקשורת,600,
3,inst-12,האקדמית למוסיקה ולמחול ירושלים,prog-inst-12-1,הוראת המוסיקה,0,
3,inst-12,האקדמית למוסיקה ולמחול ירושלים,prog-inst-12-2,זמרה,0,
3,inst-12,האקדמית למוסיקה ולמחול ירושלים,prog-inst-12-3,כלי מיתר,0,
3,inst-12,האקדמית למוסיקה ולמחול ירושלים,prog-inst-12-4,כלי מקלדת,0,
3,inst-12,האקדמית למוסיקה ולמחול ירושלים,prog-inst-12-5,כלי נשיפה והקשה,0,
3,inst-12,האקדמית למוסיקה ולמחול ירושלים,prog-inst-12-6,מוסיקה מזרחית,0,
3,inst-12,האקדמית למוסיקה ולמחול ירושלים,prog-inst-12-7,מוסיקה רב תחומית,0,
3,inst-12,האקדמית למוסיקה ולמחול ירושלים,prog-inst-12-8,ניצוח,0,
3,inst-12,האקדמית למוסיקה ולמחול ירושלים,prog-inst-12-9,קומפוזיציה,0,
3,inst-13,HIT - המכון הטכנולוגי חולון,prog-inst-13-1,הנדסת חשמל ואלקטרוניקה,600,
3,inst-13,HIT - המכון הטכנולוגי חולון,prog-inst-13-2,הנדסת תעשייה וניהול,580,
3,inst-13,HIT - המכון הטכנולוגי חולון,prog-inst-13-10,טכנולוגיות דיגיטליות ברפואה,500,
3,inst-13,HIT - המכון הטכנולוגי חולון,prog-inst-13-3,טכנולוגיות למידה,550,
3,inst-13,HIT - המכון הטכנולוגי חולון,prog-inst-13-4,מדעי המחשב,620,
3,inst-13,HIT - המכון הטכנולוגי חולון,prog-inst-13-5,מתמטיקה שימושית,500,
3,inst-13,HIT - המכון הטכנולוגי חולון,prog-inst-13-6,ניהול טכנולוגיה,500,
3,inst-13,HIT - המכון הטכנולוגי חולון,prog-inst-13-7,עיצוב פנים,500,
3,inst-13,HIT - המכון הטכנולוגי חולון,prog-inst-13-8,עיצוב תעשייתי,550,
3,inst-13,HIT - המכון הטכנולוגי חולון,prog-inst-13-11,עיצוב תקשורת חזותית,500,
3,inst-13,HIT - המכון הטכנולוגי חולון,prog-inst-13-9,תקשורת חזותית,500,
3,inst-14,המכללה האקדמית אחווה,prog-inst-14-1,אנגלית במסלול הרב גילאי ג'-י',525,
3,inst-14,המכללה האקדמית אחווה,prog-inst-14-2,הגיל הרך,525,
3,inst-14,המכללה האקדמית אחווה,prog-inst-14-3,הגיל הרך במסלול גן להכשרת גננות למגזר הבדואי,525,
3,inst-14,המכללה האקדמית אחווה,prog-inst-14-4,היסטוריה במסלול היסודי א'-ו',525,
3,inst-14,המכללה האקדמית אחווה,prog-inst-14-5,היסטוריה במסלול העל-יסודי ז'-י',525,
3,inst-14,המכללה האקדמית אחווה,prog-inst-14-6,הפרעות בתקשורת,500,
3,inst-14,המכללה האקדמית אחווה,prog-inst-14-7,חינוך מיוחד במסלול הגן לידה-6,525,
3,inst-14,המכללה האקדמית אחווה,prog-inst-14-8,חינוך מיוחד רב גילאי 6-21,525,
3,inst-14,המכללה האקדמית אחווה,prog-inst-14-9,טבע במסלול יסודי א'-ו',525,
3,inst-14,המכללה האקדמית אחווה,prog-inst-14-10,לימודים רב תחומיים,500,
3,inst-14,המכללה האקדמית אחווה,prog-inst-14-11,לשון עברית במסלול היסודי א'-ו',525,
3,inst-14,המכללה האקדמית אחווה,prog-inst-14-12,לשון עברית במסלול העל יסודי ז'-י',525,
3,inst-14,המכללה האקדמית אחווה,prog-inst-14-13,מדעי החיים,500,
3,inst-14,המכללה האקדמית אחווה,prog-inst-14-14,מדעי הטבע במסלול העל-יסודי ז'-י',525,
3,inst-14,המכללה האקדמית אחווה,prog-inst-14-15,מנהל מערכות החינוך במסלול העל יסודי ז'-י',525,
3,inst-14,המכללה האקדמית אחווה,prog-inst-14-16,מערכות מידע,500,
3,inst-14,המכללה האקדמית אחווה,prog-inst-14-17,מערכות מידע ומדעי המחשב היישומיים,580,
3,inst-14,המכללה האקדמית אחווה,prog-inst-14-18,מתמטיקה במסלול היסודי א'-ו',525,
3,inst-14,המכללה האקדמית אחווה,prog-inst-14-19,מתמטיקה במסלול על יסודי ז'-י',525,
3,inst-14,המכללה האקדמית אחווה,prog-inst-14-20,ספרות במסלול היסודי א'-ו',525,
3,inst-14,המכללה האקדמית אחווה,prog-inst-14-21,ספרות במסלול העל יסודי ז'-יב',525,
3,inst-14,המכללה האקדמית אחווה,prog-inst-14-22,ערבית במסלול העל יסודי ז'-י',525,
3,inst-14,המכללה האקדמית אחווה,prog-inst-14-23,פסיכולוגיה,550,
3,inst-14,המכללה האקדמית אחווה,prog-inst-14-24,שפה וספרות ערבית במסלול רב-גילאי א'-י',525,
3,inst-15,המכללה האקדמית אשקלון,prog-inst-15-1,בריאות הציבור,500,
3,inst-15,המכללה האקדמית אשקלון,prog-inst-15-2,כלכלה וחשבונאות,500,
3,inst-15,המכללה האקדמית אשקלון,prog-inst-15-3,כלכלה ולוגיסטיקה,500,
3,inst-15,המכללה האקדמית אשקלון,prog-inst-15-4,כלכלה וניהול,500,
3,inst-15,המכללה האקדמית אשקלון,prog-inst-15-5,כלכלה ושוק ההון,500,
3,inst-15,המכללה האקדמית אשקלון,prog-inst-15-6,לימודי ארץ ישראל,500,
3,inst-15,המכללה האקדמית אשקלון,prog-inst-15-7,לימודי תיירות,500,
3,inst-15,המכללה האקדמית אשקלון,prog-inst-15-8,לימודים רב תחומיים במדעי החברה,500,
3,inst-15,המכללה האקדמית אשקלון,prog-inst-15-9,מדעי המחשב,580,
3,inst-15,המכללה האקדמית אשקלון,prog-inst-15-10,מדעי התזונה,500,
3,inst-15,המכללה האקדמית אשקלון,prog-inst-15-11,סוציולוגיה ואנתרופולוגיה,500,
3,inst-15,המכללה האקדמית אשקלון,prog-inst-15-12,עבודה סוציאלית,550,
3,inst-15,המכללה האקדמית אשקלון,prog-inst-15-13,פוליטיקה וממשל,500,
3,inst-15,המכללה האקדמית אשקלון,prog-inst-15-14,פסיכולוגיה,550,
3,inst-15,המכללה האקדמית אשקלון,prog-inst-15-15,קרימינולוגיה,500,
3,inst-16,המכללה האקדמית בית ברל,prog-inst-16-1,"אמנות במסלול רב גילאי א'-י""ב",525,
3,inst-16,המכללה האקדמית בית ברל,prog-inst-16-2,אמנות בנתיב העיוני במסלול העל יסודי ז'-י',525,
3,inst-16,המכללה האקדמית בית ברל,prog-inst-16-3,אנגלית במסלול היסודי א'-ו',525,
3,inst-16,המכללה האקדמית בית ברל,prog-inst-16-4,אנגלית במסלול העל יסודי ז'-י',525,
3,inst-16,המכללה האקדמית בית ברל,prog-inst-16-5,ביולוגיה במסלול העל יסודי ז'-י',525,
3,inst-16,המכללה האקדמית בית ברל,prog-inst-16-6,גיאוגרפיה במסלול היסודי א'-ו',525,
3,inst-16,המכללה האקדמית בית ברל,prog-inst-16-7,גיאוגרפיה במסלול העל יסודי ז'-י',525,
3,inst-16,המכללה האקדמית בית ברל,prog-inst-16-8,הגיל הרך במסלול הגן לידה-שש,525,
3,inst-16,המכללה האקדמית בית ברל,prog-inst-16-9,הגיל הרך במסלול חינוך מיוחד לידה עד שש,525,
3,inst-16,המכללה האקדמית בית ברל,prog-inst-16-10,"הוראת האנגלית כשפה זרה במסלול רב גילאי א'-י""ב",525,
3,inst-16,המכללה האקדמית בית ברל,prog-inst-16-11,היסטוריה במסלול היסודי א'-ו',525,
3,inst-16,המכללה האקדמית בית ברל,prog-inst-16-12,היסטוריה במסלול העל יסודי ז'-י',525,
3,inst-16,המכללה האקדמית בית ברל,prog-inst-16-13,חברה ואזרחות במסלול העל יסודי ז'-י',525,
3,inst-16,המכללה האקדמית בית ברל,prog-inst-16-14,חינוך בלתי פורמלי במסלול העל יסודי ז'-י',525,
3,inst-16,המכללה האקדמית בית ברל,prog-inst-16-15,חינוך בלתי פורמלי במסלול חינוך מיוחד,525,
3,inst-16,המכללה האקדמית בית ברל,prog-inst-16-16,"חינוך בלתי פורמלי במסלול רב גילאי א'-י""ב",525,
3,inst-16,המכללה האקדמית בית ברל,prog-inst-16-17,חינוך מיוחד במסלול גן לידה עד שש,525,
3,inst-16,המכללה האקדמית בית ברל,prog-inst-16-18,חינוך מיוחד גילאים 6-21,525,
3,inst-16,המכללה האקדמית בית ברל,prog-inst-16-19,חקלאות ולימודי הסביבה יסודי א'-ו',525,
3,inst-16,המכללה האקדמית בית ברל,prog-inst-16-20,טבע במסלול היסודי א'-ו',525,
3,inst-16,המכללה האקדמית בית ברל,prog-inst-16-21,כימיה במסלול העל יסודי ז'-י',525,
3,inst-16,המכללה האקדמית בית ברל,prog-inst-16-22,לימודי ארץ ישראל במסלול העל יסודי ז'-י',525,
3,inst-16,המכללה האקדמית בית ברל,prog-inst-16-23,לימודי סביבה במסלול העל יסודי ז'-י',525,
3,inst-16,המכללה האקדמית בית ברל,prog-inst-16-24,לימודים כלליים במסלול הגן לידה עד שש,525,
3,inst-16,המכללה האקדמית בית ברל,prog-inst-16-25,לימודים כלליים במסלול היסודי א'-ו',525,
3,inst-16,המכללה האקדמית בית ברל,prog-inst-16-26,לימודים כלליים במסלול העל יסודי ז'-י',525,
3,inst-16,המכללה האקדמית בית ברל,prog-inst-16-27,לימודים כלליים במסלול חינוך מיוחד,525,
3,inst-16,המכללה האקדמית בית ברל,prog-inst-16-28,לשון וספרות עברית במסלול היסודי א'-ו',525,
3,inst-16,המכללה האקדמית בית ברל,prog-inst-16-29,לשון וספרות עברית במסלול רב גילאי ג'-י',525,
3,inst-16,המכללה האקדמית בית ברל,prog-inst-16-30,לשון וספרות עברית העל יסודי ז'-י',525,
3,inst-16,המכללה האקדמית בית ברל,prog-inst-16-31,לשון וספרות ערבית במסלול רב גילאי ג'-י',525,
3,inst-16,המכללה האקדמית בית ברל,prog-inst-16-32,לשון וספרות ערבית העל יסודי ז'-י',525,
3,inst-16,המכללה האקדמית בית ברל,prog-inst-16-33,לשון וספרות ערבית מסלול היסודי א'-ו',525,
3,inst-16,המכללה האקדמית בית ברל,prog-inst-16-34,לשון עברית במסלול היסודי א'-ו',525,
3,inst-16,המכללה האקדמית בית ברל,prog-inst-16-35,לשון עברית במסלול העל יסודי ז'-י',525,
3,inst-16,המכללה האקדמית בית ברל,prog-inst-16-36,מדעי הטבע במסלול העל יסודי ז'-י',525,
3,inst-16,המכללה האקדמית בית ברל,prog-inst-16-37,מדעי המחשב במסלול העל יסודי ז'-י',525,
3,inst-16,המכללה האקדמית בית ברל,prog-inst-16-38,מקרא במסלול היסודי א'-ו',525,
3,inst-16,המכללה האקדמית בית ברל,prog-inst-16-39,מקרא במסלול העל יסודי ז'-י',525,
3,inst-16,המכללה האקדמית בית ברל,prog-inst-16-40,מתמטיקה במסלול היסודי א'-ו',525,
3,inst-16,המכללה האקדמית בית ברל,prog-inst-16-41,מתמטיקה במסלול העל יסודי ז'-י',525,
3,inst-16,המכללה האקדמית בית ברל,prog-inst-16-42,ספרות במסלול היסודי א'-ו',525,
3,inst-16,המכללה האקדמית בית ברל,prog-inst-16-43,ספרות עברית וכללית העל יסודי ז'-י',525,
3,inst-16,המכללה האקדמית בית ברל,prog-inst-16-44,ערבית במסלול העל יסודי ז'-י',525,
3,inst-16,המכללה האקדמית בית ברל,prog-inst-16-45,פיזיקה במסלול העל יסודי ז'-י',525,
3,inst-16,המכללה האקדמית בית ברל,prog-inst-16-46,"קולנוע רב גילאי א'-י""ב'",525,
3,inst-16,המכללה האקדמית בית ברל,prog-inst-16-47,קידום נוער בכל אחד ממסלולי הגיל בבית הספר לחינוך,525,
3,inst-16,המכללה האקדמית בית ברל,prog-inst-16-48,תרבות ישראל במסלול היסודי א'-ו',525,
3,inst-16,המכללה האקדמית בית ברל,prog-inst-16-49,תרבות ישראל במסלול העל יסודי ז'-י',525,
3,inst-17,המכללה האקדמית גליל מערבי,prog-inst-17-1,חינוך,500,
3,inst-17,המכללה האקדמית גליל מערבי,prog-inst-17-2,חינוך והתפתחות הילד בראי קהילתי,500,
3,inst-17,המכללה האקדמית גליל מערבי,prog-inst-17-3,חשבונאות,500,
3,inst-17,המכללה האקדמית גליל מערבי,prog-inst-17-4,כלכלה,500,
3,inst-17,המכללה האקדמית גליל מערבי,prog-inst-17-5,לוגיסטיקה,500,
3,inst-17,המכללה האקדמית גליל מערבי,prog-inst-17-6,לימודי שימור,500,
3,inst-17,המכללה האקדמית גליל מערבי,prog-inst-17-7,לימודי תיאטרון,500,
3,inst-17,המכללה האקדמית גליל מערבי,prog-inst-17-8,ליקויי למידה,500,
3,inst-17,המכללה האקדמית גליל מערבי,prog-inst-17-9,ממשל וחברה אזרחית,500,
3,inst-17,המכללה האקדמית גליל מערבי,prog-inst-17-10,ניהול,500,
3,inst-17,המכללה האקדמית גליל מערבי,prog-inst-17-11,ניהול מידע וידע,500,
3,inst-17,המכללה האקדמית גליל מערבי,prog-inst-17-12,סוציולוגיה,500,
3,inst-17,המכללה האקדמית גליל מערבי,prog-inst-17-13,קרימינולוגיה,500,
3,inst-17,המכללה האקדמית גליל מערבי,prog-inst-17-14,רב תחומי,500,
3,inst-18,המכללה האקדמית הדסה ירושלים,prog-inst-18-16,אדריכלות,500,
3,inst-18,המכללה האקדמית הדסה ירושלים,prog-inst-18-1,ביוטכנולוגיה,500,
3,inst-18,המכללה האקדמית הדסה ירושלים,prog-inst-18-2,הפרעות בתקשורת,630,
3,inst-18,המכללה האקדמית הדסה ירושלים,prog-inst-18-3,כלכלה וחשבונאות,500,
3,inst-18,המכללה האקדמית הדסה ירושלים,prog-inst-18-4,מדעי איכות הסביבה,500,
3,inst-18,המכללה האקדמית הדסה ירושלים,prog-inst-18-2,מדעי האופטומטריה,600,
3,inst-18,המכללה האקדמית הדסה ירושלים,prog-inst-18-5,מדעי ההתנהגות,500,
3,inst-18,המכללה האקדמית הדסה ירושלים,prog-inst-18-6,מדעי המחשב,610,
3,inst-18,המכללה האקדמית הדסה ירושלים,prog-inst-18-7,מדעי המעבדה הרפואית,570,
3,inst-18,המכללה האקדמית הדסה ירושלים,prog-inst-18-8,ניהול,500,
3,inst-18,המכללה האקדמית הדסה ירושלים,prog-inst-18-11,ניהול ארגוני שירות עם התמחות בבריאות,500,
3,inst-18,המכללה האקדמית הדסה ירושלים,prog-inst-18-9,ניהול ארגוני שירות עם התמחות במשאבי אנוש,500,
3,inst-18,המכללה האקדמית הדסה ירושלים,prog-inst-18-10,ניהול ארגוני שירות עם התמחות בתיירות,500,
3,inst-18,המכללה האקדמית הדסה ירושלים,prog-inst-18-21,ניהול עם התמחות במדיניות ציבורית,500,
3,inst-18,המכללה האקדמית הדסה ירושלים,prog-inst-18-20,ניהול עם התמחות במדע נתונים,500,
3,inst-18,המכללה האקדמית הדסה ירושלים,prog-inst-18-17,ניהול עם התמחות במערכות מידע,500,
3,inst-18,המכללה האקדמית הדסה ירושלים,prog-inst-18-19,ניהול עם התמחות במשאבי אנוש,500,
3,inst-18,המכללה האקדמית הדסה ירושלים,prog-inst-18-18,ניהול עם התמחות בתיירות,500,
3,inst-18,המכללה האקדמית הדסה ירושלים,prog-inst-18-12,עבודה סוציאלית,550,
3,inst-18,המכללה האקדמית הדסה ירושלים,prog-inst-18-13,עיצוב תעשייתי מכליל,500,
3,inst-18,המכללה האקדמית הדסה ירושלים,prog-inst-18-14,פוליטיקה ותקשורת,500,
3,inst-18,המכללה האקדמית הדסה ירושלים,prog-inst-18-15,תקשורת צילומית,500,
3,inst-19,המכללה האקדמית הדתית לחינוך שאנן,prog-inst-19-1,אנגלית במסלול היסודי א'-ו',525,
3,inst-19,המכללה האקדמית הדתית לחינוך שאנן,prog-inst-19-2,אנגלית במסלול העל יסודי ז'-י',525,
3,inst-19,המכללה האקדמית הדתית לחינוך שאנן,prog-inst-19-3,הגיל הרך במסלול הגן לידה עד שש,525,
3,inst-19,המכללה האקדמית הדתית לחינוך שאנן,prog-inst-19-4,הסטוריה במסלול העל יסודי,525,
3,inst-19,המכללה האקדמית הדתית לחינוך שאנן,prog-inst-19-5,חינוך בלתי פורמלי במסלול העל יסודי ז'-י',525,
3,inst-19,המכללה האקדמית הדתית לחינוך שאנן,prog-inst-19-6,חינוך מיוחד במסלול הגן לידה עד שש,525,
3,inst-19,המכללה האקדמית הדתית לחינוך שאנן,prog-inst-19-7,חינוך מיוחד גילאי 6-21,525,
3,inst-19,המכללה האקדמית הדתית לחינוך שאנן,prog-inst-19-8,לימודים כלליים במסלול הגן לידה עד שש,525,
3,inst-19,המכללה האקדמית הדתית לחינוך שאנן,prog-inst-19-9,לימודים כלליים במסלול היסודי א'-ו',525,
3,inst-19,המכללה האקדמית הדתית לחינוך שאנן,prog-inst-19-10,לימודים כלליים במסלול העל יסודי ז'-י',525,
3,inst-19,המכללה האקדמית הדתית לחינוך שאנן,prog-inst-19-11,מקרא במסלול היסודי א'-ו',525,
3,inst-19,המכללה האקדמית הדתית לחינוך שאנן,prog-inst-19-12,מקרא במסלול העל יסודי ז'-י',525,
3,inst-19,המכללה האקדמית הדתית לחינוך שאנן,prog-inst-19-13,מתמטיקה במסלול היסודי א'-ו',525,
3,inst-19,המכללה האקדמית הדתית לחינוך שאנן,prog-inst-19-14,מתמטיקה במסלול העל יסודי ז'-י',525,
3,inst-19,המכללה האקדמית הדתית לחינוך שאנן,prog-inst-19-15,"תושב""ע במסלול היסודי א'-ו'",525,
3,inst-19,המכללה האקדמית הדתית לחינוך שאנן,prog-inst-19-16,"תושב""ע במסלול העל יסודי ז'-י'",525,
3,inst-20,המכללה האקדמית המכללה למנהל,prog-inst-20-1,חינוך,500,
3,inst-20,המכללה האקדמית המכללה למנהל,prog-inst-20-2,חשבונאות,500,
3,inst-20,המכללה האקדמית המכללה למנהל,prog-inst-20-3,כלכלה וניהול,500,
3,inst-20,המכללה האקדמית המכללה למנהל,prog-inst-20-4,מדע הנתונים,500,
3,inst-20,המכללה האקדמית המכללה למנהל,prog-inst-20-5,מדעי ההתנהגות,500,
3,inst-20,המכללה האקדמית המכללה למנהל,prog-inst-20-6,מדעי המחשב,620,
3,inst-20,המכללה האקדמית המכללה למנהל,prog-inst-20-7,מנהל עסקים,560,
3,inst-20,המכללה האקדמית המכללה למנהל,prog-inst-20-8,מנהל עסקים עם התמחות בחשבונאות,500,
3,inst-20,המכללה האקדמית המכללה למנהל,prog-inst-20-9,משפטים,600,
3,inst-20,המכללה האקדמית המכללה למנהל,prog-inst-20-10,ניהול מערכות מידע,500,
3,inst-20,המכללה האקדמית המכללה למנהל,prog-inst-20-11,עיצוב פנים,540,
3,inst-20,המכללה האקדמית המכללה למנהל,prog-inst-20-12,פסיכולוגיה,610,
3,inst-20,המכללה האקדמית המכללה למנהל,prog-inst-20-13,תקשורת,550,
3,inst-20,המכללה האקדמית המכללה למנהל,prog-inst-20-14,תקשורת וניהול,500,
3,inst-21,המכללה האקדמית הערבית לחינוך בישראל - חיפה,prog-inst-21-1,אנגלית במסלול העל-יסודי (ז'-י'),525,
3,inst-21,המכללה האקדמית הערבית לחינוך בישראל - חיפה,prog-inst-21-2,הגיל הרך במסלול הגן (לידה- שש),525,
3,inst-21,המכללה האקדמית הערבית לחינוך בישראל - חיפה,prog-inst-21-3,הוראת העברית כשפה שנייה במסלול רב גילאי (ג'-י'),525,
3,inst-21,המכללה האקדמית הערבית לחינוך בישראל - חיפה,prog-inst-21-4,הוראת מדעי המחשב - פיסיקה במסלול העל יסודי (ז'-י'),525,
3,inst-21,המכללה האקדמית הערבית לחינוך בישראל - חיפה,prog-inst-21-5,הוראת מדעי המחשב במסלול העל-יסודי (ז'-י'),525,
3,inst-21,המכללה האקדמית הערבית לחינוך בישראל - חיפה,prog-inst-21-6,חינוך מיוחד (גילאי 6-21),525,
3,inst-21,המכללה האקדמית הערבית לחינוך בישראל - חיפה,prog-inst-21-7,חינוך מיוחד במסלול הגן (לידה עד שש),525,
3,inst-21,המכללה האקדמית הערבית לחינוך בישראל - חיפה,prog-inst-21-8,כימיה-ביולוגיה במסלול העל-יסודי (ז'-י'),525,
3,inst-21,המכללה האקדמית הערבית לחינוך בישראל - חיפה,prog-inst-21-9,כימיה-פיסיקה במסלול העל-יסודי (ז'-י'),525,
3,inst-21,המכללה האקדמית הערבית לחינוך בישראל - חיפה,prog-inst-21-10,לימודים כלליים במסלול הגן (לידה- שש),525,
3,inst-21,המכללה האקדמית הערבית לחינוך בישראל - חיפה,prog-inst-21-11,לימודים כלליים במסלול היסודי (א'-ו'),525,
3,inst-21,המכללה האקדמית הערבית לחינוך בישראל - חיפה,prog-inst-21-12,לימודים כלליים במסלול העל-יסודי (ז'-י'),525,
3,inst-21,המכללה האקדמית הערבית לחינוך בישראל - חיפה,prog-inst-21-13,מדעים במסלול היסודי (א'-ו'),525,
3,inst-21,המכללה האקדמית הערבית לחינוך בישראל - חיפה,prog-inst-21-14,מתמטיקה במסלול היסודי (א'-ו'),525,
3,inst-21,המכללה האקדמית הערבית לחינוך בישראל - חיפה,prog-inst-21-15,מתמטיקה במסלול העל-יסודי (ז'-י'),525,
3,inst-21,המכללה האקדמית הערבית לחינוך בישראל - חיפה,prog-inst-21-16,ערבית במסלול הגן (לידה- שש),525,
3,inst-21,המכללה האקדמית הערבית לחינוך בישראל - חיפה,prog-inst-21-17,ערבית במסלול רב גילאי (א'-י'),525,
3,inst-22,המכללה האקדמית הרצוג מיסודן של מכללות ליפשיץ והרצוג,prog-inst-22-1,אזרחות במסלול העל- יסודי (ז'-י'),525,
3,inst-22,המכללה האקדמית הרצוג מיסודן של מכללות ליפשיץ והרצוג,prog-inst-22-2,אנגלית במסלול העל- יסודי (ז'-י'),525,
3,inst-22,המכללה האקדמית הרצוג מיסודן של מכללות ליפשיץ והרצוג,prog-inst-22-3,גיאוגרפיה במסלול העל- יסודי (ז'-י'),525,
3,inst-22,המכללה האקדמית הרצוג מיסודן של מכללות ליפשיץ והרצוג,prog-inst-22-4,היסטוריה במסלול העל- יסודי (ז'-י'),525,
3,inst-22,המכללה האקדמית הרצוג מיסודן של מכללות ליפשיץ והרצוג,prog-inst-22-5,חינוך מיוחד (גילאי 6- 21),525,
3,inst-22,המכללה האקדמית הרצוג מיסודן של מכללות ליפשיץ והרצוג,prog-inst-22-6,לימודי ארץ ישראל במסלול העל- יסודי (ז'-י'),525,
3,inst-22,המכללה האקדמית הרצוג מיסודן של מכללות ליפשיץ והרצוג,prog-inst-22-7,לימודים כלליים במסלול העל- יסודי (ז'-י'),525,
3,inst-22,המכללה האקדמית הרצוג מיסודן של מכללות ליפשיץ והרצוג,prog-inst-22-8,לשון עברית במסלול העל- יסודי (ז'-י'),525,
3,inst-22,המכללה האקדמית הרצוג מיסודן של מכללות ליפשיץ והרצוג,prog-inst-22-9,מדעי הטבע (ביולוגיה- כימיה) במסלול העל- יסודי (ז'-י'),525,
3,inst-22,המכללה האקדמית הרצוג מיסודן של מכללות ליפשיץ והרצוג,prog-inst-22-10,מדעי המחשב במסלול העל- יסודי (ז'-י'),525,
3,inst-22,המכללה האקדמית הרצוג מיסודן של מכללות ליפשיץ והרצוג,prog-inst-22-11,מחשבת ישראל במסלול העל- יסודי (ז'-י'),525,
3,inst-22,המכללה האקדמית הרצוג מיסודן של מכללות ליפשיץ והרצוג,prog-inst-22-12,מתמטיקה במסלול העל- יסודי (ז'-י'),525,
3,inst-22,המכללה האקדמית הרצוג מיסודן של מכללות ליפשיץ והרצוג,prog-inst-22-13,ספרות במסלול העל- יסודי (ז'-י'),525,
3,inst-22,המכללה האקדמית הרצוג מיסודן של מכללות ליפשיץ והרצוג,prog-inst-22-14,"תושב""ע במסלול העל- יסודי (ז'-י')",525,
3,inst-22,המכללה האקדמית הרצוג מיסודן של מכללות ליפשיץ והרצוג,prog-inst-22-15,"תנ""ך במסלול העל- יסודי (ז'-י')",525,
3,inst-22,המכללה האקדמית הרצוג מיסודן של מכללות ליפשיץ והרצוג,prog-inst-22-16,תקשורת במסלול העל- יסודי (ז'-י'),525,
3,inst-23,המכללה האקדמית חמדת,prog-inst-23-1,אנגלית כשפה זרה במסלול הרב-גילאי (ד'-י'),525,
3,inst-23,המכללה האקדמית חמדת,prog-inst-23-2,הגיל הרך במסלול הגן (לידה-שש),525,
3,inst-23,המכללה האקדמית חמדת,prog-inst-23-3,הוראת מתמטיקה במסלול העל יסודי (ז'-י'),525,
3,inst-23,המכללה האקדמית חמדת,prog-inst-23-4,חינוך מיוחד (גילאי 6- 21),525,
3,inst-23,המכללה האקדמית חמדת,prog-inst-23-5,לימודים כלליים במסלול הגן (לידה-שש),525,
3,inst-23,המכללה האקדמית חמדת,prog-inst-23-6,לימודים כלליים במסלול היסודי (א'-ו'),525,
3,inst-23,המכללה האקדמית חמדת,prog-inst-23-7,לימודים כלליים במסלול העל-יסודי (ז'-י'),525,
3,inst-23,המכללה האקדמית חמדת,prog-inst-23-8,מדעי החי במסלול העל-יסודי (ז'-י'),525,
3,inst-23,המכללה האקדמית חמדת,prog-inst-23-9,מדעים במסלול הגן (לידה-שש),525,
3,inst-23,המכללה האקדמית חמדת,prog-inst-23-10,מדעים וטכנולוגיה במסלול היסודי (א'-ו'),525,
3,inst-23,המכללה האקדמית חמדת,prog-inst-23-11,מקרא במסלול הגן (לידה-שש),525,
3,inst-23,המכללה האקדמית חמדת,prog-inst-23-12,מקרא במסלול היסודי (א'-ו'),525,
3,inst-23,המכללה האקדמית חמדת,prog-inst-23-13,מקרא במסלול העל-יסודי (ז'-י'),525,
3,inst-23,המכללה האקדמית חמדת,prog-inst-23-14,מתמטיקה במסלול היסודי (א'-ו'),525,
3,inst-23,המכללה האקדמית חמדת,prog-inst-23-15,ספרות במסלול העל-יסודי (ז'-י'),525,
3,inst-23,המכללה האקדמית חמדת,prog-inst-23-16,"תושב""ע במסלול היסודי (א'-ו')",525,
3,inst-23,המכללה האקדמית חמדת,prog-inst-23-17,"תושב""ע במסלול העל-יסודי (ז'-י')",525,
3,inst-24,המכללה האקדמית כנרת בעמק הירדן,prog-inst-24-1,הנדסת איכות ואמינות בתעשיות האלקטרוניקה,580,
3,inst-24,המכללה האקדמית כנרת בעמק הירדן,prog-inst-24-2,הנדסת אנרגית גז ונפט,580,
3,inst-24,המכללה האקדמית כנרת בעמק הירדן,prog-inst-24-3,הנדסת חשמל ואלקטרוניקה,580,
3,inst-24,המכללה האקדמית כנרת בעמק הירדן,prog-inst-24-4,הנדסת תוכנה,580,
3,inst-24,המכללה האקדמית כנרת בעמק הירדן,prog-inst-24-5,הנדסת תעשיות מים,580,
3,inst-24,המכללה האקדמית כנרת בעמק הירדן,prog-inst-24-6,חינוך וקהילה,500,
3,inst-24,המכללה האקדמית כנרת בעמק הירדן,prog-inst-24-7,לימודי ארץ ישראל,500,
3,inst-24,המכללה האקדמית כנרת בעמק הירדן,prog-inst-24-8,לימודים רב תחומיים,500,
3,inst-24,המכללה האקדמית כנרת בעמק הירדן,prog-inst-24-9,מדעי ההתנהגות,500,
3,inst-24,המכללה האקדמית כנרת בעמק הירדן,prog-inst-24-10,ניהול משאבי אנוש,500,
3,inst-24,המכללה האקדמית כנרת בעמק הירדן,prog-inst-24-11,ניהול תיירות ומלונאות,500,
3,inst-24,המכללה האקדמית כנרת בעמק הירדן,prog-inst-24-12,תקשורת,500,
3,inst-25,המכללה האקדמית להנדסה אורט בראודה,prog-inst-25-1,הנדסה אזרחית,580,
3,inst-25,המכללה האקדמית להנדסה אורט בראודה,prog-inst-25-4,הנדסת ביו-רפואית,600,
3,inst-25,המכללה האקדמית להנדסה אורט בראודה,prog-inst-25-5,הנדסת ביוטכנולוגיה,580,
3,inst-25,המכללה האקדמית להנדסה אורט בראודה,prog-inst-25-2,הנדסת ביוטכנולוגית,580,
3,inst-25,המכללה האקדמית להנדסה אורט בראודה,prog-inst-25-3,הנדסת חשמל ואלקטרוניקה,590,
3,inst-25,המכללה האקדמית להנדסה אורט בראודה,prog-inst-25-4,הנדסת מכונות,570,
3,inst-25,המכללה האקדמית להנדסה אורט בראודה,prog-inst-25-5,הנדסת מערכות מידע,580,
3,inst-25,המכללה האקדמית להנדסה אורט בראודה,prog-inst-25-6,הנדסת תוכנה,600,
3,inst-25,המכללה האקדמית להנדסה אורט בראודה,prog-inst-25-7,הנדסת תעשייה וניהול,570,
3,inst-25,המכללה האקדמית להנדסה אורט בראודה,prog-inst-25-8,מתמטיקה שימושית,500,
3,inst-26,SCE - המכללה האקדמית להנדסה סמי שמעון,prog-inst-26-1,ארכיטקטורה,500,
3,inst-26,SCE - המכללה האקדמית להנדסה סמי שמעון,prog-inst-26-4,הנדסה אזרחית (בניין),550,
3,inst-26,SCE - המכללה האקדמית להנדסה סמי שמעון,prog-inst-26-2,הנדסה כימית,580,
3,inst-26,SCE - המכללה האקדמית להנדסה סמי שמעון,prog-inst-26-3,הנדסת בניין,580,
3,inst-26,SCE - המכללה האקדמית להנדסה סמי שמעון,prog-inst-26-4,הנדסת חשמל ואלקטרוניקה,560,
3,inst-26,SCE - המכללה האקדמית להנדסה סמי שמעון,prog-inst-26-5,הנדסת כימיה,550,
3,inst-26,SCE - המכללה האקדמית להנדסה סמי שמעון,prog-inst-26-5,הנדסת מכונות,550,
3,inst-26,SCE - המכללה האקדמית להנדסה סמי שמעון,prog-inst-26-6,הנדסת תוכנה,560,
3,inst-26,SCE - המכללה האקדמית להנדסה סמי שמעון,prog-inst-26-7,הנדסת תעשייה וניהול,550,
3,inst-26,SCE - המכללה האקדמית להנדסה סמי שמעון,prog-inst-26-8,מדעי המחשב,580,
3,inst-26,SCE - המכללה האקדמית להנדסה סמי שמעון,prog-inst-26-9,תקשורת חזותית,500,
3,inst-27,המכללה האקדמית לחינוך גבעת וושינגטון,prog-inst-27-1,אנגלית במסלול העל יסודי (ז'-י'),525,
3,inst-27,המכללה האקדמית לחינוך גבעת וושינגטון,prog-inst-27-2,הגיל הרך במסלול הגן (לידה-שש),525,
3,inst-27,המכללה האקדמית לחינוך גבעת וושינגטון,prog-inst-27-3,"הוראת מוזיקה במסלול הרב גילאי (א'-י""ב)",525,
3,inst-27,המכללה האקדמית לחינוך גבעת וושינגטון,prog-inst-27-4,"חינוך גופני במסלול הרב-גילאי (א-י""ב)",525,
3,inst-27,המכללה האקדמית לחינוך גבעת וושינגטון,prog-inst-27-5,חינוך מיוחד (גילאי 6-21),525,
3,inst-27,המכללה האקדמית לחינוך גבעת וושינגטון,prog-inst-27-6,חינוך מיוחד במסלול הגן (לידה-שש),525,
3,inst-27,המכללה האקדמית לחינוך גבעת וושינגטון,prog-inst-27-7,לימודים כלליים במסלול הגן (לידה-שש),525,
3,inst-27,המכללה האקדמית לחינוך גבעת וושינגטון,prog-inst-27-8,לימודים כלליים במסלול היסודי (א'-ו'),525,
3,inst-27,המכללה האקדמית לחינוך גבעת וושינגטון,prog-inst-27-9,לימודים כלליים במסלול העל יסודי (ז'-י'),525,
3,inst-27,המכללה האקדמית לחינוך גבעת וושינגטון,prog-inst-27-10,מדע וטכנולוגיה במסלול היסודי (א'-ו'),525,
3,inst-27,המכללה האקדמית לחינוך גבעת וושינגטון,prog-inst-27-11,מקרא במסלול הגן (לידה-שש),525,
3,inst-27,המכללה האקדמית לחינוך גבעת וושינגטון,prog-inst-27-12,מקרא במסלול היסודי (א'-ו'),525,
3,inst-27,המכללה האקדמית לחינוך גבעת וושינגטון,prog-inst-27-13,מקרא במסלול העל יסודי (ז'-י'),525,
3,inst-27,המכללה האקדמית לחינוך גבעת וושינגטון,prog-inst-27-14,מתמטיקה במסלול העל יסודי (ז'-י'),525,
3,inst-27,המכללה האקדמית לחינוך גבעת וושינגטון,prog-inst-27-15,ספרות במסלול היסודי (א'-ו'),525,
3,inst-27,המכללה האקדמית לחינוך גבעת וושינגטון,prog-inst-27-16,ספרות במסלול העל יסודי (ז'-י'),525,
3,inst-28,"המכללה האקדמית לחינוך ע""ש א. ד. גורדון",prog-inst-28-1,אנגלית במסלול היסודי (א'-ו'),525,
3,inst-28,"המכללה האקדמית לחינוך ע""ש א. ד. גורדון",prog-inst-28-2,הגיל הרך,525,
3,inst-28,"המכללה האקדמית לחינוך ע""ש א. ד. גורדון",prog-inst-28-3,"הומניסטיקה (ספרות, לשון ומקרא) במסלול היסודי (א'-ו')",525,
3,inst-28,"המכללה האקדמית לחינוך ע""ש א. ד. גורדון",prog-inst-28-4,חינוך חברתי קהילתי במסלול העל-יסודי (ז'-י'),525,
3,inst-28,"המכללה האקדמית לחינוך ע""ש א. ד. גורדון",prog-inst-28-5,חינוך מיוחד (גילאי 6-21),525,
3,inst-28,"המכללה האקדמית לחינוך ע""ש א. ד. גורדון",prog-inst-28-6,חינוך מיוחד במסלול הגן (לידה-שש),525,
3,inst-28,"המכללה האקדמית לחינוך ע""ש א. ד. גורדון",prog-inst-28-7,לימודים כלליים במסלול הגן (לידה-שש),525,
3,inst-28,"המכללה האקדמית לחינוך ע""ש א. ד. גורדון",prog-inst-28-8,לימודים כלליים במסלול היסודי (א'-ו'),525,
3,inst-28,"המכללה האקדמית לחינוך ע""ש א. ד. גורדון",prog-inst-28-9,לשון עברית במסלול העל-יסודי (ז'-י'),525,
3,inst-28,"המכללה האקדמית לחינוך ע""ש א. ד. גורדון",prog-inst-28-10,מדעים במסלול היסודי (א'-ו'),525,
3,inst-28,"המכללה האקדמית לחינוך ע""ש א. ד. גורדון",prog-inst-28-11,מורשת דרוזים ולימודים דרוזים במסלול היסודי (א'-ו'),525,
3,inst-28,"המכללה האקדמית לחינוך ע""ש א. ד. גורדון",prog-inst-28-12,מקרא במסלול היסודי (א'-ו'),525,
3,inst-28,"המכללה האקדמית לחינוך ע""ש א. ד. גורדון",prog-inst-28-13,מקרא במסלול העל-יסודי (ז'-י'),525,
3,inst-28,"המכללה האקדמית לחינוך ע""ש א. ד. גורדון",prog-inst-28-14,מתמטיקה במסלול היסודי (א'-ו'),525,
3,inst-28,"המכללה האקדמית לחינוך ע""ש א. ד. גורדון",prog-inst-28-15,מתמטיקה במסלול העל-יסודי (ז'-י'),525,
3,inst-28,"המכללה האקדמית לחינוך ע""ש א. ד. גורדון",prog-inst-28-16,ספרות במסלול היסודי (א'-ו'),525,
3,inst-28,"המכללה האקדמית לחינוך ע""ש א. ד. גורדון",prog-inst-28-17,ספרות במסלול העל-יסודי (ז'-י'),525,
3,inst-28,"המכללה האקדמית לחינוך ע""ש א. ד. גורדון",prog-inst-28-18,שפה וספרות אנגלית במסלול הרב גילאי,525,
3,inst-28,"המכללה האקדמית לחינוך ע""ש א. ד. גורדון",prog-inst-28-19,תקשורת בחינוך במסלול היסודי (א'-ו'),525,
3,inst-28,"המכללה האקדמית לחינוך ע""ש א. ד. גורדון",prog-inst-28-20,תקשורת במסלול העל-יסודי (ז'-ט'),525,
3,inst-28,"המכללה האקדמית לחינוך ע""ש א. ד. גורדון",prog-inst-28-21,תרבות ישראל ומורשתו במסלול היסודי (א'-ו'),525,
3,inst-28,"המכללה האקדמית לחינוך ע""ש א. ד. גורדון",prog-inst-28-22,תרבות ישראל ומורשתו במסלול העל-יסודי (ז'-י'),525,
3,inst-29,"המכללה האקדמית לחינוך ע""ש דוד ילין",prog-inst-29-1,אנגלית במסלול היסודי (א'-ו'),525,
3,inst-29,"המכללה האקדמית לחינוך ע""ש דוד ילין",prog-inst-29-2,אנגלית במסלול העל יסודי (ז'-י'),525,
3,inst-29,"המכללה האקדמית לחינוך ע""ש דוד ילין",prog-inst-29-3,גיאוגרפיה במסלול היסודי (א'-ו'),525,
3,inst-29,"המכללה האקדמית לחינוך ע""ש דוד ילין",prog-inst-29-4,גיאוגרפיה במסלול העל יסודי (ז'-י'),525,
3,inst-29,"המכללה האקדמית לחינוך ע""ש דוד ילין",prog-inst-29-5,הגיל הרך בחברה הערבית במסלול הגן (לידה - שש),525,
3,inst-29,"המכללה האקדמית לחינוך ע""ש דוד ילין",prog-inst-29-6,הגיל הרך במסלול הגן (לידה-שש),525,
3,inst-29,"המכללה האקדמית לחינוך ע""ש דוד ילין",prog-inst-29-7,הוראת העברית כשפה נוספת במסלול היסודי (א'-ו') בחברה הערבית,525,
3,inst-29,"המכללה האקדמית לחינוך ע""ש דוד ילין",prog-inst-29-8,היסטוריה ומחשבת ישראל במסלול היסודי (א'-ו'),525,
3,inst-29,"המכללה האקדמית לחינוך ע""ש דוד ילין",prog-inst-29-9,היסטוריה ומחשבת ישראל במסלול העל יסודי (ז'-י'),525,
3,inst-29,"המכללה האקדמית לחינוך ע""ש דוד ילין",prog-inst-29-10,חינוך בלתי פורמאלי במסלול העל יסודי (ז'-י'),525,
3,inst-29,"המכללה האקדמית לחינוך ע""ש דוד ילין",prog-inst-29-11,חינוך מבוגרים במסלול היסודי (א'-ו'),525,
3,inst-29,"המכללה האקדמית לחינוך ע""ש דוד ילין",prog-inst-29-12,חינוך מיוחד (גילאי 6-21),525,
3,inst-29,"המכללה האקדמית לחינוך ע""ש דוד ילין",prog-inst-29-13,חינוך מיוחד בחברה הערבית (גילאי 6-21),525,
3,inst-29,"המכללה האקדמית לחינוך ע""ש דוד ילין",prog-inst-29-14,חינוך מיוחד בחברה הערבית במסלול הגן (לידה - שש),525,
3,inst-29,"המכללה האקדמית לחינוך ע""ש דוד ילין",prog-inst-29-15,חינוך מיוחד במסלול הגן (לידה-שש),525,
3,inst-29,"המכללה האקדמית לחינוך ע""ש דוד ילין",prog-inst-29-16,"חינוך מיוחד והוראת תלמידים עם מוגבלויות מרובות (מלמ""ם) (לידה-שש)",525,
3,inst-29,"המכללה האקדמית לחינוך ע""ש דוד ילין",prog-inst-29-17,"חינוך מיוחד והוראת תלמידים עם מוגבלויות מרובות (מלמ""ם), (גילאי 21-6)",525,
3,inst-29,"המכללה האקדמית לחינוך ע""ש דוד ילין",prog-inst-29-18,חינוך מיוחד משלב במסלול העל יסודי (ז'-י'),525,
3,inst-29,"המכללה האקדמית לחינוך ע""ש דוד ילין",prog-inst-29-19,לימודים כללייים במסלול היסודי (א'-ו'),525,
3,inst-29,"המכללה האקדמית לחינוך ע""ש דוד ילין",prog-inst-29-20,לימודים כלליים בחברה הערבית במסלול הגן (לידה-שש),525,
3,inst-29,"המכללה האקדמית לחינוך ע""ש דוד ילין",prog-inst-29-21,לימודים כלליים במסלול הגן (לידה-שש),525,
3,inst-29,"המכללה האקדמית לחינוך ע""ש דוד ילין",prog-inst-29-22,לימודים כלליים במסלול העל יסודי (ז'-י'),525,
3,inst-29,"המכללה האקדמית לחינוך ע""ש דוד ילין",prog-inst-29-23,לימודים כלליים במסלול חינוך מיוחד בחברה הערבית (לידה-שש),525,
3,inst-29,"המכללה האקדמית לחינוך ע""ש דוד ילין",prog-inst-29-24,לימודים כלליים במסלול לחינוך מיוחד,525,
3,inst-29,"המכללה האקדמית לחינוך ע""ש דוד ילין",prog-inst-29-25,לשון עברית במסלול היסודי (א'-ו'),525,
3,inst-29,"המכללה האקדמית לחינוך ע""ש דוד ילין",prog-inst-29-26,לשון עברית במסלול העל יסודי (ז'-י'),525,
3,inst-29,"המכללה האקדמית לחינוך ע""ש דוד ילין",prog-inst-29-27,מדעים במסלול היסודי (א'-ו'),525,
3,inst-29,"המכללה האקדמית לחינוך ע""ש דוד ילין",prog-inst-29-28,מדעים במסלול העל יסודי (ז'-י'),525,
3,inst-29,"המכללה האקדמית לחינוך ע""ש דוד ילין",prog-inst-29-29,מקרא במסלול היסודי (א'-ו'),525,
3,inst-29,"המכללה האקדמית לחינוך ע""ש דוד ילין",prog-inst-29-30,מקרא במסלול העל יסודי (ז'-י'),525,
3,inst-29,"המכללה האקדמית לחינוך ע""ש דוד ילין",prog-inst-29-32,מתמטיקה במסלול היסודי (א'-ו'),525,
3,inst-29,"המכללה האקדמית לחינוך ע""ש דוד ילין",prog-inst-29-33,מתמטיקה במסלול העל יסודי (ז'-י'),525,
3,inst-29,"המכללה האקדמית לחינוך ע""ש דוד ילין",prog-inst-29-31,מתמטיקה-פיסיקה במסלול העל יסודי (ז'-י'),525,
3,inst-29,"המכללה האקדמית לחינוך ע""ש דוד ילין",prog-inst-29-34,ספרות במסלול היסודי (א'-ו'),525,
3,inst-29,"המכללה האקדמית לחינוך ע""ש דוד ילין",prog-inst-29-35,ספרות במסלול העל יסודי (ז'-י'),525,
3,inst-29,"המכללה האקדמית לחינוך ע""ש דוד ילין",prog-inst-29-36,ערבית במסלול היסודי (א'-ו'),525,
3,inst-29,"המכללה האקדמית לחינוך ע""ש דוד ילין",prog-inst-29-37,ערבית במסלול העל יסודי (ז'-י'),525,
3,inst-29,"המכללה האקדמית לחינוך ע""ש דוד ילין",prog-inst-29-38,שילוב אמנויות בהוראה במסלול הגן (לידה עד שש),525,
3,inst-29,"המכללה האקדמית לחינוך ע""ש דוד ילין",prog-inst-29-39,שילוב אמנויות בהוראה במסלול היסודי (א'-ו'),525,
3,inst-29,"המכללה האקדמית לחינוך ע""ש דוד ילין",prog-inst-29-40,תיאטרון ודרמה בחינוך במסלול העל יסודי (ז'-י'),525,
3,inst-29,"המכללה האקדמית לחינוך ע""ש דוד ילין",prog-inst-29-41,תקשורת בחינוך במסלול היסודי (א'-ו'),525,
3,inst-29,"המכללה האקדמית לחינוך ע""ש דוד ילין",prog-inst-29-42,תקשורת בחינוך במסלול העל יסודי (ז'-י'),525,
3,inst-30,"המכללה האקדמית לחינוך ע""ש קיי בבאר שבע",prog-inst-30-1,"אמנות במסלול הרב-גילאי (א'-י""ב)",525,
3,inst-30,"המכללה האקדמית לחינוך ע""ש קיי בבאר שבע",prog-inst-30-2,אנגלית במסלול העל יסודי (ז'-י'),525,
3,inst-30,"המכללה האקדמית לחינוך ע""ש קיי בבאר שבע",prog-inst-30-3,ביולוגיה-כימיה במסלול העל יסודי (ז'-י'),525,
3,inst-30,"המכללה האקדמית לחינוך ע""ש קיי בבאר שבע",prog-inst-30-4,גיאוגרפיה במסלול העל יסודי (ז'-י'),525,
3,inst-30,"המכללה האקדמית לחינוך ע""ש קיי בבאר שבע",prog-inst-30-5,הגיל הרך במגזר הבדואי במסלול הגן (לידה-שש),525,
3,inst-30,"המכללה האקדמית לחינוך ע""ש קיי בבאר שבע",prog-inst-30-6,הגיל הרך במסלול הגן (לידה-שש),525,
3,inst-30,"המכללה האקדמית לחינוך ע""ש קיי בבאר שבע",prog-inst-30-7,היסטוריה במסלול העל יסודי (ז'-י'),525,
3,inst-30,"המכללה האקדמית לחינוך ע""ש קיי בבאר שבע",prog-inst-30-8,חינוך בלתי פורמאלי במסלול העל יסודי (ז'-י'),525,
3,inst-30,"המכללה האקדמית לחינוך ע""ש קיי בבאר שבע",prog-inst-30-9,"חינוך גופני במסלול הרב-גילאי (א'-י""ב)",525,
3,inst-30,"המכללה האקדמית לחינוך ע""ש קיי בבאר שבע",prog-inst-30-10,חינוך מיוחד (גילאי 6-21),525,
3,inst-30,"המכללה האקדמית לחינוך ע""ש קיי בבאר שבע",prog-inst-30-11,חינוך מיוחד במגזר הבדואי במסלול היסודי (א'-ו'),525,
3,inst-30,"המכללה האקדמית לחינוך ע""ש קיי בבאר שבע",prog-inst-30-12,לימודים כלליים במגזר הבדואי במסלול הגן (לידה-שש),525,
3,inst-30,"המכללה האקדמית לחינוך ע""ש קיי בבאר שבע",prog-inst-30-13,לימודים כלליים במגזר הבדואי במסלול היסודי (א'-ו'),525,
3,inst-30,"המכללה האקדמית לחינוך ע""ש קיי בבאר שבע",prog-inst-30-14,לימודים כלליים במסלול הגן (לידה-שש),525,
3,inst-30,"המכללה האקדמית לחינוך ע""ש קיי בבאר שבע",prog-inst-30-15,לימודים כלליים במסלול היסודי (א'-ו'),525,
3,inst-30,"המכללה האקדמית לחינוך ע""ש קיי בבאר שבע",prog-inst-30-16,לשון עברית במסלול היסודי (א'-ו'),525,
3,inst-30,"המכללה האקדמית לחינוך ע""ש קיי בבאר שבע",prog-inst-30-17,לשון עברית במסלול העל יסודי (ז'-י'),525,
3,inst-30,"המכללה האקדמית לחינוך ע""ש קיי בבאר שבע",prog-inst-30-18,לשון ערבית כשפה ראשונה במגזר הבדואי במסלול היסודי (א'-ו'),525,
3,inst-30,"המכללה האקדמית לחינוך ע""ש קיי בבאר שבע",prog-inst-30-19,מדעים במסלול היסודי (א'-ו'),525,
3,inst-30,"המכללה האקדמית לחינוך ע""ש קיי בבאר שבע",prog-inst-30-20,מדעים במסלול היסודי (א'-ו') במגזר הבדואי,525,
3,inst-30,"המכללה האקדמית לחינוך ע""ש קיי בבאר שבע",prog-inst-30-21,מתמטיקה במסלול היסודי (א'-ו'),525,
3,inst-30,"המכללה האקדמית לחינוך ע""ש קיי בבאר שבע",prog-inst-30-22,מתמטיקה במסלול היסודי (א'-ו') במגזר הבדואי,525,
3,inst-30,"המכללה האקדמית לחינוך ע""ש קיי בבאר שבע",prog-inst-30-23,מתמטיקה במסלול העל יסודי (ז'-י'),525,
3,inst-30,"המכללה האקדמית לחינוך ע""ש קיי בבאר שבע",prog-inst-30-24,ספרות במסלול היסודי (א'-ו'),525,
3,inst-30,"המכללה האקדמית לחינוך ע""ש קיי בבאר שבע",prog-inst-30-25,ספרות במסלול העל יסודי (ז'-י'),525,
3,inst-30,"המכללה האקדמית לחינוך ע""ש קיי בבאר שבע",prog-inst-30-26,עברית כשפה שניה במסלול העל יסודי (ז'-י'),525,
3,inst-30,"המכללה האקדמית לחינוך ע""ש קיי בבאר שבע",prog-inst-30-27,עברית כשפה שנייה במגזר הבדואי במסלול היסודי (א'-ו'),525,
3,inst-30,"המכללה האקדמית לחינוך ע""ש קיי בבאר שבע",prog-inst-30-28,ערבית כשפה ראשונה במסלול העל יסודי (ז'-י'),525,
3,inst-30,"המכללה האקדמית לחינוך ע""ש קיי בבאר שבע",prog-inst-30-29,ערבית כשפה שניה במסלול העל יסודי (ז'-י'),525,
3,inst-30,"המכללה האקדמית לחינוך ע""ש קיי בבאר שבע",prog-inst-30-30,"תנ""ך במסלול היסודי (א'-ו')",525,
3,inst-30,"המכללה האקדמית לחינוך ע""ש קיי בבאר שבע",prog-inst-30-31,"תנ""ך במסלול העל יסודי (ז'-י')",525,
3,inst-31,המכללה האקדמית לישראל ברמת גן,prog-inst-31-1,חברה והתנהגות,500,
3,inst-31,המכללה האקדמית לישראל ברמת גן,prog-inst-31-2,חדשנות ויזמות,500,
3,inst-31,המכללה האקדמית לישראל ברמת גן,prog-inst-31-3,כלכלה,500,
3,inst-31,המכללה האקדמית לישראל ברמת גן,prog-inst-31-4,מדעי המחשב,580,
3,inst-31,המכללה האקדמית לישראל ברמת גן,prog-inst-31-5,מערכות מידע,500,
3,inst-31,המכללה האקדמית לישראל ברמת גן,prog-inst-31-6,משאבי אנוש,500,
3,inst-31,המכללה האקדמית לישראל ברמת גן,prog-inst-31-7,ניהול,500,
3,inst-31,המכללה האקדמית לישראל ברמת גן,prog-inst-31-8,ניהול מערכות בריאות,500,
3,inst-31,המכללה האקדמית לישראל ברמת גן,prog-inst-31-9,ניהול מצבי חירום ומשבר,500,
3,inst-32,המכללה האקדמית נתניה,prog-inst-32-1,ביטוח,500,
3,inst-32,המכללה האקדמית נתניה,prog-inst-32-2,בנקאות ושוק ההון,500,
3,inst-32,המכללה האקדמית נתניה,prog-inst-32-3,מדעי ההתנהגות,500,
3,inst-32,המכללה האקדמית נתניה,prog-inst-32-4,מדעי המחשב ומתמטיקה,590,
3,inst-32,המכללה האקדמית נתניה,prog-inst-32-5,מנהל עסקים,540,
3,inst-32,המכללה האקדמית נתניה,prog-inst-32-6,מערכות מידע,500,
3,inst-32,המכללה האקדמית נתניה,prog-inst-32-7,משפטים,580,
3,inst-32,המכללה האקדמית נתניה,prog-inst-32-8,ניהול מערכות בריאות,500,
3,inst-32,המכללה האקדמית נתניה,prog-inst-32-9,תקשורת,530,
3,inst-33,המכללה האקדמית ספיר,prog-inst-33-1,כלכלה וחשבונאות,500,
3,inst-33,המכללה האקדמית ספיר,prog-inst-33-2,כלכלה יישומית וניהול,500,
3,inst-33,המכללה האקדמית ספיר,prog-inst-33-3,"כלכלה יישומית וניהול, מימון וביטוח",500,
3,inst-33,המכללה האקדמית ספיר,prog-inst-33-4,לוגיסטיקה,500,
3,inst-33,המכללה האקדמית ספיר,prog-inst-33-5,לימודים רב תחומיים,500,
3,inst-33,המכללה האקדמית ספיר,prog-inst-33-6,מדעי המחשב,580,
3,inst-33,המכללה האקדמית ספיר,prog-inst-33-1,מדעי المחשב,590,
3,inst-33,המכללה האקדמית ספיר,prog-inst-33-7,מוזיקה,500,
3,inst-33,המכללה האקדמית ספיר,prog-inst-33-8,מנהל ומדיניות ציבורית,500,
3,inst-33,המכללה האקדמית ספיר,prog-inst-33-9,משפטים,600,
3,inst-33,המכללה האקדמית ספיר,prog-inst-33-10,ניהול המשאב האנושי,500,
3,inst-33,המכללה האקדמית ספיר,prog-inst-33-5,ניהול ויישוב סכסוכים,530,
3,inst-33,המכללה האקדמית ספיר,prog-inst-33-11,ניהול תעשייתי,500,
3,inst-33,המכללה האקדמית ספיר,prog-inst-33-12,עבודה סוציאלית,580,
3,inst-33,המכללה האקדמית ספיר,prog-inst-33-2,קולנוע וטלוויזיה,550,
3,inst-33,המכללה האקדמית ספיר,prog-inst-33-13,שיווק טכנולוגי,500,
3,inst-33,המכללה האקדמית ספיר,prog-inst-33-14,תקשורת,500,
3,inst-33,המכללה האקדמית ספיר,prog-inst-33-15,תרבות יצירה והפקה,500,
3,inst-34,המכללה האקדמית עמק יזרעאל,prog-inst-34-1,הסבת אקדמאים לסיעוד,550,
3,inst-34,המכללה האקדמית עמק יזרעאל,prog-inst-34-2,חינוך,500,
3,inst-34,המכללה האקדמית עמק יזרעאל,prog-inst-34-3,כלכלה וניהול,500,
3,inst-34,המכללה האקדמית עמק יזרעאל,prog-inst-34-4,כלכלה וניהול עם התמחות בחשבונאות,500,
3,inst-34,המכללה האקדמית עמק יזרעאל,prog-inst-34-5,מדע המדינה,500,
3,inst-34,המכללה האקדמית עמק יזרעאל,prog-inst-34-6,מדעי ההתנהגות,500,
3,inst-34,המכללה האקדמית עמק יזרעאל,prog-inst-34-7,מנהל מערכות בריאות,500,
3,inst-34,המכללה האקדמית עמק יזרעאל,prog-inst-34-8,מערכות מידע,500,
3,inst-34,המכללה האקדמית עמק יזרעאל,prog-inst-34-9,סוציולוגיה ואנתרופולוגיה,500,
3,inst-34,המכללה האקדמית עמק יזרעאל,prog-inst-34-10,סיעוד,550,
3,inst-34,המכללה האקדמית עמק יזרעאל,prog-inst-34-11,עבודה סוציאלית,550,
3,inst-34,המכללה האקדמית עמק יזרעאל,prog-inst-34-17,עסקים/נסיעות ותיירות,500,
3,inst-34,המכללה האקדמית עמק יזרעאל,prog-inst-34-12,פסיכולוגיה,550,
3,inst-34,המכללה האקדמית עמק יזרעאל,prog-inst-34-13,קרימינולוגיה,500,
3,inst-34,המכללה האקדמית עמק יזרעאל,prog-inst-34-14,רב תחומי במדעי החברה,500,
3,inst-34,המכללה האקדמית עמק יזרעאל,prog-inst-34-15,שירותי אנוש,500,
3,inst-34,המכללה האקדמית עמק יזרעאל,prog-inst-34-16,תקשורת,500,
3,inst-35,המכללה האקדמית צפת,prog-inst-35-1,מדעי ההתנהגות,500,
3,inst-35,המכללה האקדמית צפת,prog-inst-35-2,מדעי המעבדה הרפואית,500,
3,inst-35,המכללה האקדמית צפת,prog-inst-35-3,מיסטיקה ורוחניות,500,
3,inst-35,המכללה האקדמית צפת,prog-inst-35-4,מערכות מידע ניהוליות,500,
3,inst-35,המכללה האקדמית צפת,prog-inst-35-5,מערכות מידע קהילתיות,500,
3,inst-35,המכללה האקדמית צפת,prog-inst-35-6,משפטים,580,
3,inst-35,המכללה האקדמית צפת,prog-inst-35-7,"ספרות, אמנות ומוסיקה",500,
3,inst-35,המכללה האקדמית צפת,prog-inst-35-8,עבודה סוציאלית,550,
3,inst-35,המכללה האקדמית צפת,prog-inst-35-9,פיזיותרפיה,500,
3,inst-35,המכללה האקדמית צפת,prog-inst-35-10,רב תחומי,500,
3,inst-36,המכללה האקדמית תל אביב יפו,prog-inst-36-1,כלכלה וניהול,590,
3,inst-36,המכללה האקדמית תל אביב יפו,prog-inst-36-2,מדע המדינה,500,
3,inst-36,המכללה האקדמית תל אביב יפו,prog-inst-36-3,מדעי המחשב,640,
3,inst-36,המכללה האקדמית תל אביב יפו,prog-inst-36-4,מערכות מידע,600,
3,inst-36,המכללה האקדמית תל אביב יפו,prog-inst-36-7,ניהול,500,
3,inst-36,המכללה האקדמית תל אביב יפו,prog-inst-36-5,סוציולוגיה,500,
3,inst-36,המכללה האקדמית תל אביב יפו,prog-inst-36-4,סיעוד,570,
3,inst-36,המכללה האקדמית תל אביב יפו,prog-inst-36-6,פסיכולוגיה,630,
3,inst-37,המכללה האקדמית תל חי,prog-inst-37-1,אנגלית במסלול היסודי (א'-ו'),525,
3,inst-37,המכללה האקדמית תל חי,prog-inst-37-2,אנגלית במסלול הרב גילאי (ג'-י'),525,
3,inst-37,המכללה האקדמית תל חי,prog-inst-37-3,ביוטכנולוגיה,580,
3,inst-37,המכללה האקדמית תל חי,prog-inst-37-4,ביולוגיה ומדעי הסביבה במסלול העל יסודי (ז'-י'),525,
3,inst-37,המכללה האקדמית תל חי,prog-inst-37-5,גיל הרך במסלול הגן (לידה-שש),525,
3,inst-37,המכללה האקדמית תל חי,prog-inst-37-6,הוראת המתמטיקה ולימודים כלליים במסלול היסודי (א'-ו'),525,
3,inst-37,המכללה האקדמית תל חי,prog-inst-37-7,חינוך,500,
3,inst-37,המכללה האקדמית תל חי,prog-inst-37-8,"חינוך גופני במסלול הרב- גילאי (א'- י""ב)",525,
3,inst-37,המכללה האקדמית תל חי,prog-inst-37-9,חינוך מיוחד (גילאי 6-21),525,
3,inst-37,המכללה האקדמית תל חי,prog-inst-37-10,טבע במסלול היסודי (א'-ו'),525,
3,inst-37,המכללה האקדמית תל חי,prog-inst-37-11,יהדות במסלול היסודי (א'-ו'),525,
3,inst-37,המכללה האקדמית תל חי,prog-inst-37-12,יהדות במסלול העל יסודי (ז'-י'),525,
3,inst-37,המכללה האקדמית תל חי,prog-inst-37-13,כלכלה וניהול,500,
3,inst-37,המכללה האקדמית תל חי,prog-inst-37-14,כלכלה וניהול עם התמחות בחשבונאות,500,
3,inst-37,המכללה האקדמית תל חי,prog-inst-37-15,לימודי ארץ ישראל במסלול העל יסודי (ז'-י'),500,
3,inst-37,המכללה האקדמית תל חי,prog-inst-37-16,לימודי מזרח אסיה,500,
3,inst-37,המכללה האקדמית תל חי,prog-inst-37-17,לימודים כלליים במסלול הגן (לידה-שש),525,
3,inst-37,המכללה האקדמית תל חי,prog-inst-37-18,לימודים כלליים במסלול היסודי (א'-ו'),525,
3,inst-37,המכללה האקדמית תל חי,prog-inst-37-19,לימודים כלליים במסלול העל יסודי (ז'-י'),525,
3,inst-37,המכללה האקדמית תל חי,prog-inst-37-20,לימודים רב תחומיים,500,
3,inst-37,המכללה האקדמית תל חי,prog-inst-37-21,לשון במסלול היסודי (א'-ו'),525,
3,inst-37,המכללה האקדמית תל חי,prog-inst-37-22,לשון במסלול העל יסודי (ז'-י'),525,
3,inst-37,המכללה האקדמית תל חי,prog-inst-37-23,מדעי החי,500,
3,inst-37,המכללה האקדמית תל חי,prog-inst-37-24,מדעי הטבע במסלול הגן (לידה-שש),525,
3,inst-37,המכללה האקדמית תל חי,prog-inst-37-25,מדעי המזון,500,
3,inst-37,המכללה האקדמית תל חי,prog-inst-37-26,מדעי המחשב,600,
3,inst-37,המכללה האקדמית תל חי,prog-inst-37-27,מדעי הסביבה,500,
3,inst-37,המכללה האקדמית תל חי,prog-inst-37-28,מדעי התזונה,620,
3,inst-37,המכללה האקדמית תל חי,prog-inst-37-29,מתמטיקה במסלול העל יסודי (ז'-י'),525,
3,inst-37,המכללה האקדמית תל חי,prog-inst-37-30,עבודה סוציאלית,580,
3,inst-37,המכללה האקדמית תל חי,prog-inst-37-31,פסיכולוגיה,600,
3,inst-37,המכללה האקדמית תל חי,prog-inst-37-34,רב תחומי,500,
3,inst-37,המכללה האקדמית תל חי,prog-inst-37-32,שירותי אנוש,500,
3,inst-37,המכללה האקדמית תל חי,prog-inst-37-33,תנועה וצליל במסלול הגן (לידה-שש),525,
3,inst-39,המרכז האקדמי לב,prog-inst-39-1,ביואינפורמטיקה,500,
3,inst-39,המרכז האקדמי לב,prog-inst-39-2,הנדסת חשמל ואלקטרוניקה,580,
3,inst-39,המרכז האקדמי לב,prog-inst-39-12,הנדסת מחשב,580,
3,inst-39,המרכז האקדמי לב,prog-inst-39-3,הנדסת מערכות תקשורת,580,
3,inst-39,המרכז האקדמי לב,prog-inst-39-4,הנדסת תוכנה,620,
3,inst-39,המרכז האקדמי לב,prog-inst-39-5,הנדסת תעשייה וניהול,580,
3,inst-39,המרכז האקדמי לב,prog-inst-39-11,חשבונאות ומערכות מידע,500,
3,inst-39,המרכז האקדמי לב,prog-inst-39-6,חשבנאות ומערכות מידע,500,
3,inst-39,המרכז האקדמי לב,prog-inst-39-7,מדעי המחשב,620,
3,inst-39,המרכז האקדמי לב,prog-inst-39-8,מנהל עסקים,500,
3,inst-39,המרכז האקדמי לב,prog-inst-39-13,ניהול,560,
3,inst-39,המרכז האקדמי לב,prog-inst-39-9,פיזיקה יישומית/ הנדסת אלקטרואופטיקה,600,
3,inst-39,המרכז האקדמי לב,prog-inst-39-10,פיזיקה מתמטיקה,500,
3,inst-40,המרכז האקדמי לוינסקי-וינגייט,prog-inst-40-1,אנגלית במסלול היסודי (א'-ו'),525,
3,inst-40,המרכז האקדמי לוינסקי-וינגייט,prog-inst-40-2,אנגלית במסלול העל- יסודי (ז'-י'),525,
3,inst-40,המרכז האקדמי לוינסקי-וינגייט,prog-inst-40-3,אנגלית במסלול רב-גילאי (א'-י'),525,
3,inst-40,המרכז האקדמי לוינסקי-וינגייט,prog-inst-40-4,ביולוגיה במסלול העל- יסודי (ז'-י'),525,
3,inst-40,המרכז האקדמי לוינסקי-וינגייט,prog-inst-40-5,הגיל הרך במסלול הגן (לידה-שש),525,
3,inst-40,המרכז האקדמי לוינסקי-וינגייט,prog-inst-40-6,היסטוריה במסלול העל- יסודי (ז'-י'),525,
3,inst-40,המרכז האקדמי לוינסקי-וינגייט,prog-inst-40-7,"חינוך גופני במסלול הרב גילאי (א'-י""ב)",525,
3,inst-40,המרכז האקדמי לוינסקי-וינגייט,prog-inst-40-8,חינוך מוזיקלי ריתמוס במסלול הגיל הרך,525,
3,inst-40,המרכז האקדמי לוינסקי-וינגייט,prog-inst-40-9,חינוך מוזיקלי ריתמוס במסלול היסודי (א'-ו'),525,
3,inst-40,המרכז האקדמי לוינסקי-וינגייט,prog-inst-40-10,חינוך מיוחד (גילאי 21-6),525,
3,inst-40,המרכז האקדמי לוינסקי-וינגייט,prog-inst-40-11,חינוך מיוחד במסלול הגן (לידה- שש),525,
3,inst-40,המרכז האקדמי לוינסקי-וינגייט,prog-inst-40-12,טבע במסלול היסודי (א'-ו'),525,
3,inst-40,המרכז האקדמי לוינסקי-וינגייט,prog-inst-40-13,לימודים כלליים במסלול הגן (לידה-שש),525,
3,inst-40,המרכז האקדמי לוינסקי-וינגייט,prog-inst-40-14,לימודים כלליים במסלול היסודי (א'-ו'),525,
3,inst-40,המרכז האקדמי לוינסקי-וינגייט,prog-inst-40-15,לימודים כלליים במסלול העל-יסודי (ז'-י'),525,
3,inst-40,המרכז האקדמי לוינסקי-וינגייט,prog-inst-40-16,לשון עברית במסלול העל- יסודי (ז'-י'),525,
3,inst-40,המרכז האקדמי לוינסקי-וינגייט,prog-inst-40-17,"מוזיקה במסלול העל- יסודי (ז'- י""ב)",525,
3,inst-40,המרכז האקדמי לוינסקי-וינגייט,prog-inst-40-18,"מוזיקה במסלול רב- גילאי (גן- י""ב)",525,
3,inst-40,המרכז האקדמי לוינסקי-וינגייט,prog-inst-40-19,מוזיקה ותנועה במסלול החינוך המיוחד,525,
3,inst-40,המרכז האקדמי לוינסקי-וינגייט,prog-inst-40-20,מוזיקה ותנועה במסלול היסודי (א'-ו'),525,
3,inst-40,המרכז האקדמי לוינסקי-וינגייט,prog-inst-40-21,מקרא במסלול היסודי (א'-ו'),525,
3,inst-40,המרכז האקדמי לוינסקי-וינגייט,prog-inst-40-22,מקרא במסלול העל- יסודי (ז'-י'),525,
3,inst-40,המרכז האקדמי לוינסקי-וינגייט,prog-inst-40-23,מתמטיקה במסלול היסודי (א'-ו'),525,
3,inst-40,המרכז האקדמי לוינסקי-וינגייט,prog-inst-40-24,מתמטיקה במסלול העל- יסודי (ז'-י'),525,
3,inst-40,המרכז האקדמי לוינסקי-וינגייט,prog-inst-40-25,ספרות במסלול היסודי (א'-ו'),525,
3,inst-40,המרכז האקדמי לוינסקי-וינגייט,prog-inst-40-26,ספרות במסלול העל- יסודי (ז'-י'),525,
3,inst-40,המרכז האקדמי לוינסקי-וינגייט,prog-inst-40-27,עברית- שפה ואוריינות במסלול היסודי (א'-ו'),525,
3,inst-40,המרכז האקדמי לוינסקי-וינגייט,prog-inst-40-28,ערבית במסלול העל- יסודי (ז'-י'),525,
3,inst-41,המרכז האקדמי למשפט ועסקים,prog-inst-41-1,חשבונאות,500,
3,inst-41,המרכז האקדמי למשפט ועסקים,prog-inst-41-10,כלכלה וניהול,500,
3,inst-41,המרכז האקדמי למשפט ועסקים,prog-inst-41-2,מדעי המחשב,580,
3,inst-41,המרכז האקדמי למשפט ועסקים,prog-inst-41-3,מנהל מערכות בריאות,500,
3,inst-41,המרכז האקדמי למשפט ועסקים,prog-inst-41-4,מנהל עסקים,500,
3,inst-41,המרכז האקדמי למשפט ועסקים,prog-inst-41-5,מנהל עסקים עם התמחות בחשבונאות,500,
3,inst-41,המרכז האקדמי למשפט ועסקים,prog-inst-41-6,מערכות מידע,500,
3,inst-41,המרכז האקדמי למשפט ועסקים,prog-inst-41-7,משפטים,580,
3,inst-41,המרכז האקדמי למשפט ועסקים,prog-inst-41-8,ניהול משאבי אנוש,500,
3,inst-41,המרכז האקדמי למשפט ועסקים,prog-inst-41-9,פסיכולוגיה,550,
3,inst-42,"המרכז האקדמי לעיצוב ולחינוך ויצו - חיפה ע""ש נרי בלומפילד",prog-inst-42-1,"ארכיטקטורה וחינוך במסלול העל-יסודי (ז'-י""ב)",0,
3,inst-42,"המרכז האקדמי לעיצוב ולחינוך ויצו - חיפה ע""ש נרי בלומפילד",prog-inst-42-2,"ניהול עסקי במסלול העל-יסודי (ז'-י""ב)",0,
3,inst-42,"המרכז האקדמי לעיצוב ולחינוך ויצו - חיפה ע""ש נרי בלומפילד",prog-inst-42-3,"עיצוב אופנה במסלול העל-יסודי (ז'-י""ב)",0,
3,inst-42,"המרכז האקדמי לעיצוב ולחינוך ויצו - חיפה ע""ש נרי בלומפילד",prog-inst-42-4,"עיצוב גרפי במסלול העל-יסודי (ז'-י""ב)",0,
3,inst-42,"המרכז האקדמי לעיצוב ולחינוך ויצו - חיפה ע""ש נרי בלומפילד",prog-inst-42-5,"צילום במסלול העל-יסודי (ז'-י""ב)",0,
3,inst-43,המרכז האקדמי פרס,prog-inst-43-1,מדעי ההתנהגות,500,
3,inst-43,המרכז האקדמי פרס,prog-inst-43-2,מדעי התזונה,580,
3,inst-43,המרכז האקדמי פרס,prog-inst-43-3,מנהל מערכות בריאות,550,
3,inst-43,המרכז האקדמי פרס,prog-inst-43-4,מנהל עסקים,540,
3,inst-43,המרכז האקדמי פרס,prog-inst-43-5,מערכות מידע ניהוליות,500,
3,inst-43,המרכז האקדמי פרס,prog-inst-43-6,משפטים,580,
3,inst-43,המרכז האקדמי פרס,prog-inst-43-7,ניהול משאבי אנוש,500,
3,inst-44,המרכז האקדמי רופין,prog-inst-44-1,ביוטכנולוגיה ימית,500,
3,inst-44,המרכז האקדמי רופין,prog-inst-44-2,הנדסת חשמל ואלקטרוניקה,580,
3,inst-44,המרכז האקדמי רופין,prog-inst-44-3,הנדסת מחשבים,600,
3,inst-44,המרכז האקדמי רופין,prog-inst-44-4,הנדסת תעשייה וניהול,570,
3,inst-44,המרכז האקדמי רופין,prog-inst-44-5,כלכלה,500,
3,inst-44,המרכז האקדמי רופין,prog-inst-44-6,כלכלה וחשבונאות,500,
3,inst-44,המרכז האקדמי רופין,prog-inst-44-7,כלכלה ומנהל,500,
3,inst-44,המרכז האקדמי רופין,prog-inst-44-8,מדעי ההתנהגות,500,
3,inst-44,המרכז האקדמי רופין,prog-inst-44-9,מדעי הים והסביבה הימית,560,
3,inst-44,המרכז האקדמי רופין,prog-inst-44-10,מדעי המחשב והמידע,610,
3,inst-44,המרכז האקדמי רופין,prog-inst-44-11,מנהל עסקים,550,
3,inst-44,המרכז האקדמי רופין,prog-inst-44-12,סוציולוגיה ואנתרופולוגיה,500,
3,inst-44,המרכז האקדמי רופין,prog-inst-44-13,עבודה סוציאלית,580,
3,inst-44,המרכז האקדמי רופין,prog-inst-44-14,פסיכולוגיה,550,
3,inst-45,המרכז האקדמי שלם ירושלים,prog-inst-45-1,"אסטרטגיה, דיפלומטיה ובטחון",500,
3,inst-45,המרכז האקדמי שלם ירושלים,prog-inst-45-2,לימודי המזרח התיכון והאסלאם,500,
3,inst-45,המרכז האקדמי שלם ירושלים,prog-inst-45-3,לימודים הומניסטיים,500,
3,inst-45,המרכז האקדמי שלם ירושלים,prog-inst-45-4,תכנית בינתחומית בפילוסופיה ובהגות יהודית,500,
3,inst-46,המרכז האקדמי שערי מדע ומשפט,prog-inst-46-1,דימות רפואי,500,
3,inst-46,המרכז האקדמי שערי מדע ומשפט,prog-inst-46-2,חשבונאות,500,
3,inst-46,המרכז האקדמי שערי מדע ומשפט,prog-inst-46-3,"מדיניות ציבורית, ממשל ומשפט",580,
3,inst-46,המרכז האקדמי שערי מדע ומשפט,prog-inst-46-4,משפטים,580,
3,inst-46,המרכז האקדמי שערי מדע ומשפט,prog-inst-46-5,ניהול מערכות בריאות,500,
3,inst-46,המרכז האקדמי שערי מדע ומשפט,prog-inst-46-6,"ניהול מערכות מידע, אבטחת מידע וסייבר",500,
3,inst-47,הקריה האקדמית אונו,prog-inst-47-1,הפרעות בתקשורת,500,
3,inst-47,הקריה האקדמית אונו,prog-inst-47-2,חינוך וחברה,520,
3,inst-47,הקריה האקדמית אונו,prog-inst-47-3,מדעי ההתנהגות,500,
3,inst-47,הקריה האקדמית אונו,prog-inst-47-4,מדעי המחשב,600,
3,inst-47,הקריה האקדמית אונו,prog-inst-47-5,מוסיקה רב תחומית,500,
3,inst-47,הקריה האקדמית אונו,prog-inst-47-6,מנהל עסקים,540,
3,inst-47,הקריה האקדמית אונו,prog-inst-47-7,מנהל עסקים עם התמחות בחשבונאות,500,
3,inst-47,הקריה האקדמית אונו,prog-inst-47-8,משפטים,580,
3,inst-47,הקריה האקדמית אונו,prog-inst-47-9,ספורטרפיה,500,
3,inst-47,הקריה האקדמית אונו,prog-inst-47-10,פרסום ותקשורת שיווקית,500,
3,inst-47,הקריה האקדמית אונו,prog-inst-47-5,קלינאות תקשורת,640,
3,inst-47,הקריה האקדמית אונו,prog-inst-47-4,ריפוי בעיסוק,630,
3,inst-49,מכון ויצמן למדע,prog-inst-49-1,הנדסת חשמל ואלקטרוניקה,0,
3,inst-50,מכון שכטר למדעי היהדות,prog-inst-50-1,אנגלית במסלול העל- יסודי (ז'-י'),0,
3,inst-51,מכללה אקדמית לחינוך - אורות ישראל מיסודן של מכללת אורות ישראל ומכללת מורשת יעקב,prog-inst-51-29,אזרחות במסלול העל-יסודי (ז'-י'),525,
3,inst-51,מכללה אקדמית לחינוך - אורות ישראל מיסודן של מכללת אורות ישראל ומכללת מורשת יעקב,prog-inst-51-1,הגיל הרך במסלול הגן (לידה- שש),525,
3,inst-51,מכללה אקדמית לחינוך - אורות ישראל מיסודן של מכללת אורות ישראל ומכללת מורשת יעקב,prog-inst-51-2,הוראה כוללת במסלול היסודי (א'-ו'),525,
3,inst-51,מכללה אקדמית לחינוך - אורות ישראל מיסודן של מכללת אורות ישראל ומכללת מורשת יעקב,prog-inst-51-3,הוראת היסטוריה,525,
3,inst-51,מכללה אקדמית לחינוך - אורות ישראל מיסודן של מכללת אורות ישראל ומכללת מורשת יעקב,prog-inst-51-4,הוראת המתמטיקה במסלול העל יסודי,525,
3,inst-51,מכללה אקדמית לחינוך - אורות ישראל מיסודן של מכללת אורות ישראל ומכללת מורשת יעקב,prog-inst-51-5,היסטוריה של עם ישראל במסלול העל- יסודי (ז'-י'),525,
3,inst-51,מכללה אקדמית לחינוך - אורות ישראל מיסודן של מכללת אורות ישראל ומכללת מורשת יעקב,prog-inst-51-6,חינוך חברתי לא פורמלי במסלול העל- יסודי (ז'-י'),525,
3,inst-51,מכללה אקדמית לחינוך - אורות ישראל מיסודן של מכללת אורות ישראל ומכללת מורשת יעקב,prog-inst-51-7,חינוך מיוחד (גילאי 6-21),525,
3,inst-51,מכללה אקדמית לחינוך - אורות ישראל מיסודן של מכללת אורות ישראל ומכללת מורשת יעקב,prog-inst-51-8,חינוך מיוחד במסלול הגן (לידה-שש),525,
3,inst-51,מכללה אקדמית לחינוך - אורות ישראל מיסודן של מכללת אורות ישראל ומכללת מורשת יעקב,prog-inst-51-9,לימודי ארץ ישראל במסלול העל- יסודי (ז'-י'),525,
3,inst-51,מכללה אקדמית לחינוך - אורות ישראל מיסודן של מכללת אורות ישראל ומכללת מורשת יעקב,prog-inst-51-10,לימודים כלליים במסלול הגן (לידה- שש),525,
3,inst-51,מכללה אקדמית לחינוך - אורות ישראל מיסודן של מכללת אורות ישראל ומכללת מורשת יעקב,prog-inst-51-11,לימודים כלליים במסלול העל- יסודי (ז'-י'),525,
3,inst-51,מכללה אקדמית לחינוך - אורות ישראל מיסודן של מכללת אורות ישראל ומכללת מורשת יעקב,prog-inst-51-12,לשון במסלול היסודי (א'-ו'),525,
3,inst-51,מכללה אקדמית לחינוך - אורות ישראל מיסודן של מכללת אורות ישראל ומכללת מורשת יעקב,prog-inst-51-13,לשון עברית במסלול העל- יסודי (ז'-י'),525,
3,inst-51,מכללה אקדמית לחינוך - אורות ישראל מיסודן של מכללת אורות ישראל ומכללת מורשת יעקב,prog-inst-51-14,מדעי הטבע והחיים במסלול העל- יסודי (ז'-י'),525,
3,inst-51,מכללה אקדמית לחינוך - אורות ישראל מיסודן של מכללת אורות ישראל ומכללת מורשת יעקב,prog-inst-51-15,מדעי המחשב במסלול העל- יסודי (ז'-י'),525,
3,inst-51,מכללה אקדמית לחינוך - אורות ישראל מיסודן של מכללת אורות ישראל ומכללת מורשת יעקב,prog-inst-51-16,מוסמך בהוראה במסלול העל יסודי,525,
3,inst-51,מכללה אקדמית לחינוך - אורות ישראל מיסודן של מכללת אורות ישראל ומכללת מורשת יעקב,prog-inst-51-17,מחשבת ישראל במסלול העל- יסודי (ז'-י'),525,
3,inst-51,מכללה אקדמית לחינוך - אורות ישראל מיסודן של מכללת אורות ישראל ומכללת מורשת יעקב,prog-inst-51-18,מקרא במסלול העל- יסודי (ז'-י'),525,
3,inst-51,מכללה אקדמית לחינוך - אורות ישראל מיסודן של מכללת אורות ישראל ומכללת מורשת יעקב,prog-inst-51-19,מקרא וספרות חכמים,525,
3,inst-51,מכללה אקדמית לחינוך - אורות ישראל מיסודן של מכללת אורות ישראל ומכללת מורשת יעקב,prog-inst-51-20,מתמטיקה במסלול העל- יסודי (ז'-י'),525,
3,inst-51,מכללה אקדמית לחינוך - אורות ישראל מיסודן של מכללת אורות ישראל ומכללת מורשת יעקב,prog-inst-51-21,ניהול וארגון מערכות חינוך,525,
3,inst-51,מכללה אקדמית לחינוך - אורות ישראל מיסודן של מכללת אורות ישראל ומכללת מורשת יעקב,prog-inst-51-22,ספרות עברית במסלול העל- יסודי (ז'-י'),525,
3,inst-51,מכללה אקדמית לחינוך - אורות ישראל מיסודן של מכללת אורות ישראל ומכללת מורשת יעקב,prog-inst-51-23,"ריקוד (מחול ותנועה) במסלול הרב-גילאי (גן-י""ב)",525,
3,inst-51,מכללה אקדמית לחינוך - אורות ישראל מיסודן של מכללת אורות ישראל ומכללת מורשת יעקב,prog-inst-51-24,"תושב""ע במסלול העל- יסודי (ז'-י')",525,
3,inst-51,מכללה אקדמית לחינוך - אורות ישראל מיסודן של מכללת אורות ישראל ומכללת מורשת יעקב,prog-inst-51-25,תלמוד במסלול היסודי (א'-ו'),525,
3,inst-51,מכללה אקדמית לחינוך - אורות ישראל מיסודן של מכללת אורות ישראל ומכללת מורשת יעקב,prog-inst-51-26,תלמוד במסלול העל- יסודי (ז'-י'),525,
3,inst-51,מכללה אקדמית לחינוך - אורות ישראל מיסודן של מכללת אורות ישראל ומכללת מורשת יעקב,prog-inst-51-27,"תנ""ך במסלול היסודי (א'-ו')",525,
3,inst-51,מכללה אקדמית לחינוך - אורות ישראל מיסודן של מכללת אורות ישראל ומכללת מורשת יעקב,prog-inst-51-28,תקשורת במסלול העל- יסודי (ז'-י'),525,
3,inst-52,המכללה האקדמית לחינוך אורנים,prog-inst-52-1,אמנות במסלול העל-יסודי (ז'-י'),525,
3,inst-52,המכללה האקדמית לחינוך אורנים,prog-inst-52-2,"אמנות במסלול רב-גילאי (א'-י""ב)",525,
3,inst-52,המכללה האקדמית לחינוך אורנים,prog-inst-52-3,אנגלית+תעודת הוראה במסלול היסודי (א'-ו'),525,
3,inst-52,המכללה האקדמית לחינוך אורנים,prog-inst-52-4,אנגלית+תעודת הוראה במסלול העל-יסודי (ז'-י'),525,
3,inst-52,המכללה האקדמית לחינוך אורנים,prog-inst-52-5,גיאוגרפיה במסלול העל-יסודי (ז'-י'),525,
3,inst-52,המכללה האקדמית לחינוך אורנים,prog-inst-52-6,הגיל הרך במסלול הגן (לידה-שש),525,
3,inst-52,המכללה האקדמית לחינוך אורנים,prog-inst-52-7,הוראת המדעים – ביולוגיה,525,
3,inst-52,המכללה האקדמית לחינוך אורנים,prog-inst-52-8,הוראת המתמטיקה,525,
3,inst-52,המכללה האקדמית לחינוך אורנים,prog-inst-52-9,הוראת מתמטיקה ומדעי המחשב,525,
3,inst-52,המכללה האקדמית לחינוך אורנים,prog-inst-52-10,הוראת מתמטיקה ופיזיקה,525,
3,inst-52,המכללה האקדמית לחינוך אורנים,prog-inst-52-11,הוראת ערבית במסלול העל-יסודי (ז'-י'),525,
3,inst-52,המכללה האקדמית לחינוך אורנים,prog-inst-52-12,הוראת פיסיקה ומדעי המחשב*,525,
3,inst-52,המכללה האקדמית לחינוך אורנים,prog-inst-52-13,היסטוריה+תעודת הוראה במסלול העל-יסודי (ז'-י'),525,
3,inst-52,המכללה האקדמית לחינוך אורנים,prog-inst-52-36,הנדסה פרמצבטית,525,
3,inst-52,המכללה האקדמית לחינוך אורנים,prog-inst-52-14,חינוך במסלול היסודי (א'-ו'),525,
3,inst-52,המכללה האקדמית לחינוך אורנים,prog-inst-52-15,חינוך במסלול העל-יסודי (ז'-י'),525,
3,inst-52,המכללה האקדמית לחינוך אורנים,prog-inst-52-16,חינוך מיוחד (גילאי 6- 21),525,
3,inst-52,המכללה האקדמית לחינוך אורנים,prog-inst-52-17,חינוך מיוחד במסלול הגן (לידה-שש),525,
3,inst-52,המכללה האקדמית לחינוך אורנים,prog-inst-52-18,חינוך קהילתי-חברתי במסלול העל-יסודי (ז'-י'),525,
3,inst-52,המכללה האקדמית לחינוך אורנים,prog-inst-52-19,טבע ומדעים במסלול היסודי (א'-ו'),525,
3,inst-52,המכללה האקדמית לחינוך אורנים,prog-inst-52-20,לימודי ארץ ישראל במסלול היסודי (א'-ו'),525,
3,inst-52,המכללה האקדמית לחינוך אורנים,prog-inst-52-21,לימודי ארץ ישראל במסלול העל-יסודי (ז'-י'),525,
3,inst-52,המכללה האקדמית לחינוך אורנים,prog-inst-52-22,לימודי מזרח-תיכון+תעודת הוראה במסלול העל-יסודי (ז'-י'),525,
3,inst-52,המכללה האקדמית לחינוך אורנים,prog-inst-52-23,לימודים כלליים במסלול הגן (לידה-שש),525,
3,inst-52,המכללה האקדמית לחינוך אורנים,prog-inst-52-24,לימודים כלליים במסלול היסודי (א'-ו'),525,
3,inst-52,המכללה האקדמית לחינוך אורנים,prog-inst-52-25,לימודים כלליים+תעודת הוראה במסלול העל-יסודי (ז'-י'),525,
3,inst-52,המכללה האקדמית לחינוך אורנים,prog-inst-52-26,לשון עברית+תעודת הוראה במסלול היסודי (א'-ו'),525,
3,inst-52,המכללה האקדמית לחינוך אורנים,prog-inst-52-27,לשון עברית+תעודת הוראה במסלול העל-יסודי (ז'-י'),525,
3,inst-52,המכללה האקדמית לחינוך אורנים,prog-inst-52-28,מחשבת ישראל+תעודת הוראה במסלול העל-יסודי (ז'-י'),525,
3,inst-52,המכללה האקדמית לחינוך אורנים,prog-inst-52-29,מקרא+תעודת הוראה במסלול היסודי (א'-ו'),525,
3,inst-52,המכללה האקדמית לחינוך אורנים,prog-inst-52-30,מקרא+תעודת הוראה במסלול העל-יסודי (ז'-י),525,
3,inst-52,המכללה האקדמית לחינוך אורנים,prog-inst-52-31,מתמטיקה במסלול היסודי (א'-ו'),525,
3,inst-52,המכללה האקדמית לחינוך אורנים,prog-inst-52-32,סוציולוגיה במסלול העל-יסודי (ז'-י'),525,
3,inst-52,המכללה האקדמית לחינוך אורנים,prog-inst-52-33,ספרות+תעודת הוראה במסלול היסודי (א'-ו'),525,
3,inst-52,המכללה האקדמית לחינוך אורנים,prog-inst-52-34,ספרות+תעודת הוראה במסלול העל-יסודי (ז'-י'),525,
3,inst-52,המכללה האקדמית לחינוך אורנים,prog-inst-52-35,תקשורת במסלול העל-יסודי (ז'-י'),525,
3,inst-53,עזריאלי - המכללה האקדמית להנדסה ירושלים,prog-inst-53-7,אנגלית במסלול העל- יסודי (ז'-י'),525,
3,inst-53,עזריאלי - המכללה האקדמית להנדסה ירושלים,prog-inst-53-1,הנדסה תוכנה,580,
3,inst-53,עזריאלי - המכללה האקדמית להנדסה ירושלים,prog-inst-53-5,הנדסה תעשייתית וניהול,560,
3,inst-53,עזריאלי - המכללה האקדמית להנדסה ירושלים,prog-inst-53-2,הנדסת חומרים,560,
3,inst-53,עזריאלי - המכללה האקדמית להנדסה ירושלים,prog-inst-53-3,הנדסת חשמל ואלקטרוניקה,580,
3,inst-53,עזריאלי - המכללה האקדמית להנדסה ירושלים,prog-inst-53-4,הנדסת מכונות,560,
3,inst-53,עזריאלי - המכללה האקדמית להנדסה ירושלים,prog-inst-53-1,הנדסת תוכנה,580,
3,inst-53,עזריאלי - המכללה האקדמית להנדסה ירושלים,prog-inst-53-5,הנדסת תעשייה וניהול,580,
3,inst-53,עזריאלי - המכללה האקדמית להנדסה ירושלים,prog-inst-53-6,מדעי המחשב,580,
3,inst-54,מכללה ירושלים,prog-inst-54-1,הגיל הרך במסלול הגן (לידה- שש),525,
3,inst-54,מכללה ירושלים,prog-inst-54-2,הכוון וייעוץ במסלול העל- יסודי (ז'-י'),525,
3,inst-54,מכללה ירושלים,prog-inst-54-3,חינוך מיוחד (גילאי 6- 21),525,
3,inst-54,מכללה ירושלים,prog-inst-54-4,חשבונאות במסלול העל- יסודי (ז'-י'),525,
3,inst-54,מכללה ירושלים,prog-inst-54-5,לימודים כלליים במסלול הגן (לידה- שש),525,
3,inst-54,מכללה ירושלים,prog-inst-54-6,לימודים כלליים במסלול העל- יסודי (ז'-י'),525,
3,inst-54,מכללה ירושלים,prog-inst-54-7,לשון עברית במסלול העל- יסודי (ז'-י'),525,
3,inst-54,מכללה ירושלים,prog-inst-54-8,מדעי המחשב במסלול העל- יסודי (ז'-י'),525,
3,inst-54,מכללה ירושלים,prog-inst-54-9,מדעים במסלול העל- יסודי (ז'-י'),525,
3,inst-54,מכללה ירושלים,prog-inst-54-10,"מוסיקה במסלול רב- גילאי (א'-י""ב)",525,
3,inst-54,מכללה ירושלים,prog-inst-54-11,מחשבת ישראל במסלול העל- יסודי (ז'-י'),525,
3,inst-54,מכללה ירושלים,prog-inst-54-12,משאבי למידה במסלול העל- יסודי (ז'-י'),525,
3,inst-54,מכללה ירושלים,prog-inst-54-13,מתמטיקה במסלול העל- יסודי (ז'-י'),525,
3,inst-54,מכללה ירושלים,prog-inst-54-14,ספרות במסלול העל- יסודי (ז'-י'),525,
3,inst-54,מכללה ירושלים,prog-inst-54-15,ספרנות בית-ספר במסלול העל- יסודי (ז'-י'),525,
3,inst-54,מכללה ירושלים,prog-inst-54-16,ערבית במסלול העל- יסודי (ז'-י'),525,
3,inst-54,מכללה ירושלים,prog-inst-54-17,"תושב""ע במסלול העל יסודי (ז'-י')",525,
3,inst-54,מכללה ירושלים,prog-inst-54-18,"תנ""ך במסלול העל- יסודי (ז'-י')",525,
3,inst-55,מכללת סכנין להכשרת עובדי הוראה,prog-inst-55-1,חינוך מיוחד (גילאי 6- 21),525,
3,inst-55,מכללת סכנין להכשרת עובדי הוראה,prog-inst-55-8,חשבונאות,525,
3,inst-55,מכללת סכנין להכשרת עובדי הוראה,prog-inst-55-2,מדעים במסלול היסודי (א'-ו'),525,
3,inst-55,מכללת סכנין להכשרת עובדי הוראה,prog-inst-55-3,מתמטיקה במסלול היסודי (א'-ו'),525,
3,inst-55,מכללת סכנין להכשרת עובדי הוראה,prog-inst-55-4,מתמטיקה במסלול העל- יסודי (ז'-י'),525,
3,inst-55,מכללת סכנין להכשרת עובדי הוראה,prog-inst-55-5,שפה וספרות אנגלית במסלול היסודי (א'-ו'),525,
3,inst-55,מכללת סכנין להכשרת עובדי הוראה,prog-inst-55-6,שפה וספרות אנגלית במסלול העל- יסודי (ז'-י'),525,
3,inst-55,מכללת סכנין להכשרת עובדי הוראה,prog-inst-55-7,שפה וספרות ערבית במסלול היסודי (א'-ו'),525,
3,inst-56,מכללת שערי משפט,prog-inst-56-1,"לימודים בינתחומיים: מנהל, ממשל ומשפט",580,
3,inst-56,מכללת שערי משפט,prog-inst-56-2,מנהל מערכות בריאות,500,
3,inst-56,מכללת שערי משפט,prog-inst-56-3,משפטים,580,
3,inst-57,סמינר הקיבוצים - המכללה לחינוך לטכנולוגיה ולאומנויות,prog-inst-57-1,"אמנויות העיצוב במסלול העל-יסודי (ז'-י""ב)",525,
3,inst-57,סמינר הקיבוצים - המכללה לחינוך לטכנולוגיה ולאומנויות,prog-inst-57-2,אמנויות התיאטרון במסלול העל יסודי (ז'-י'),525,
3,inst-57,סמינר הקיבוצים - המכללה לחינוך לטכנולוגיה ולאומנויות,prog-inst-57-3,"אמנות ומדיה דיגיטלית במסלול העל יסודי (ט'-י""ב)",525,
3,inst-57,סמינר הקיבוצים - המכללה לחינוך לטכנולוגיה ולאומנויות,prog-inst-57-4,אנגלית במסלול היסודי (א'-ו'),525,
3,inst-57,סמינר הקיבוצים - המכללה לחינוך לטכנולוגיה ולאומנויות,prog-inst-57-5,אנגלית במסלול הרב-גילאי (ג'-י'),525,
3,inst-57,סמינר הקיבוצים - המכללה לחינוך לטכנולוגיה ולאומנויות,prog-inst-57-6,ביולוגיה במסלול העל-יסודי (ז'-י'),525,
3,inst-57,סמינר הקיבוצים - המכללה לחינוך לטכנולוגיה ולאומנויות,prog-inst-57-7,הגיל הרך במסלול הגן (לידה-שש),525,
3,inst-57,סמינר הקיבוצים - המכללה לחינוך לטכנולוגיה ולאומנויות,prog-inst-57-8,היסטוריה במסלול העל-יסודי (ז'-י'),525,
3,inst-57,סמינר הקיבוצים - המכללה לחינוך לטכנולוגיה ולאומנויות,prog-inst-57-9,חינוך בלתי פורמלי במסלול העל יסודי (ז'-י'),525,
3,inst-57,סמינר הקיבוצים - המכללה לחינוך לטכנולוגיה ולאומנויות,prog-inst-57-10,חינוך במסלול היסודי (א'-ו'),525,
3,inst-57,סמינר הקיבוצים - המכללה לחינוך לטכנולוגיה ולאומנויות,prog-inst-57-11,"חינוך גופני ותנועה במסלול הרב-גילאי (א'-י""ב)",525,
3,inst-57,סמינר הקיבוצים - המכללה לחינוך לטכנולוגיה ולאומנויות,prog-inst-57-12,חינוך יצירתי במסלול הגן (לידה-שש),525,
3,inst-57,סמינר הקיבוצים - המכללה לחינוך לטכנולוגיה ולאומנויות,prog-inst-57-13,חינוך מיוחד (גילאי 6- 21),525,
3,inst-57,סמינר הקיבוצים - המכללה לחינוך לטכנולוגיה ולאומנויות,prog-inst-57-14,חינוך מיוחד במסלול הגן (לידה- שש),525,
3,inst-57,סמינר הקיבוצים - המכללה לחינוך לטכנולוגיה ולאומנויות,prog-inst-57-15,לימודים כלליים במסלול הגן (לידה-שש),525,
3,inst-57,סמינר הקיבוצים - המכללה לחינוך לטכנולוגיה ולאומנויות,prog-inst-57-16,מדעים במסלול היסודי (א'-ו'),525,
3,inst-57,סמינר הקיבוצים - המכללה לחינוך לטכנולוגיה ולאומנויות,prog-inst-57-17,"מחול ותנועה במסלול הרב-גילאי (א'-י""ב)",525,
3,inst-57,סמינר הקיבוצים - המכללה לחינוך לטכנולוגיה ולאומנויות,prog-inst-57-18,"מחשבים ומערכות מידע במסלול העל-יסודי (ט'-י""ב)",525,
3,inst-57,סמינר הקיבוצים - המכללה לחינוך לטכנולוגיה ולאומנויות,prog-inst-57-19,מקרא במסלול העל-יסודי (ז'-י'),525,
3,inst-57,סמינר הקיבוצים - המכללה לחינוך לטכנולוגיה ולאומנויות,prog-inst-57-20,מתמטיקה במסלול היסודי (א'-ו'),525,
3,inst-57,סמינר הקיבוצים - המכללה לחינוך לטכנולוגיה ולאומנויות,prog-inst-57-22,"ניהול עסקי במסלול העל יסודי (ט'-י""ב)",525,
3,inst-57,סמינר הקיבוצים - המכללה לחינוך לטכנולוגיה ולאומנויות,prog-inst-57-21,ניהול עסקי-חברתי,525,
3,inst-57,סמינר הקיבוצים - המכללה לחינוך לטכנולוגיה ולאומנויות,prog-inst-57-23,ספרות במסלול היסודי (א'-ו'),525,
3,inst-57,סמינר הקיבוצים - המכללה לחינוך לטכנולוגיה ולאומנויות,prog-inst-57-24,ספרות במסלול העל-יסודי (ז'-י'),525,
3,inst-57,סמינר הקיבוצים - המכללה לחינוך לטכנולוגיה ולאומנויות,prog-inst-57-27,עסקים - נסיעות ותיירות,525,
3,inst-57,סמינר הקיבוצים - המכללה לחינוך לטכנולוגיה ולאומנויות,prog-inst-57-25,"תקשורת וקולנוע במסלול העל-יסודי (ט'-י""ב)",525,
3,inst-57,סמינר הקיבוצים - המכללה לחינוך לטכנולוגיה ולאומנויות,prog-inst-57-26,תרבות ישראל במסלול היסודי (א'-ו'),525,
3,inst-58,שנקר - הנדסה. עיצוב. אמנות,prog-inst-58-12,אמנות במסלול רב גילאי (א'-י'),0,
3,inst-58,שנקר - הנדסה. עיצוב. אמנות,prog-inst-58-1,הנדסה כימית,0,
3,inst-58,שנקר - הנדסה. עיצוב. אמנות,prog-inst-58-2,הנדסת חומרים פולימרים,0,
3,inst-58,שנקר - הנדסה. עיצוב. אמנות,prog-inst-58-3,הנדסת חשמל ואלקטרוניקה,0,
3,inst-58,שנקר - הנדסה. עיצוב. אמנות,prog-inst-58-4,הנדסת תוכנה,620,
3,inst-58,שנקר - הנדסה. עיצוב. אמנות,prog-inst-58-5,הנדסת תעשייה וניהול,580,
3,inst-58,שנקר - הנדסה. עיצוב. אמנות,prog-inst-58-6,עיצוב אופנה,550,
3,inst-58,שנקר - הנדסה. עיצוב. אמנות,prog-inst-58-7,עיצוב טקסטיל,0,
3,inst-58,שנקר - הנדסה. עיצוב. אמנות,prog-inst-58-8,עיצוב פנים מבנה וסביבה,0,
3,inst-58,שנקר - הנדסה. עיצוב. אמנות,prog-inst-58-9,עיצוב תכשיטים,0,
3,inst-58,שנקר - הנדסה. עיצוב. אמנות,prog-inst-58-10,עיצוב תעשייתי,550,
3,inst-58,שנקר - הנדסה. עיצוב. אמנות,prog-inst-58-11,תקשורת חזותית,550,
3,inst-59,תלפיות - המכללה האקדמית לחינוך,prog-inst-59-1,אנגלית במסלול היסודי (א'-ו'),525,
3,inst-59,תלפיות - המכללה האקדמית לחינוך,prog-inst-59-2,אנגלית במסלול העל יסודי (ז'-י'),525,
3,inst-59,תלפיות - המכללה האקדמית לחינוך,prog-inst-59-3,הגיל הרך במסלול הגן (לידה-שש),525,
3,inst-59,תלפיות - המכללה האקדמית לחינוך,prog-inst-59-4,חינוך מיוחד (גילאי 6-21),525,
3,inst-59,תלפיות - המכללה האקדמית לחינוך,prog-inst-59-5,חינוך מיוחד במסלול הגן (לידה-שש),525,
3,inst-59,תלפיות - המכללה האקדמית לחינוך,prog-inst-59-6,לשון עברית במסלול העל יסודי (ז'-י'),525,
3,inst-59,תלפיות - המכללה האקדמית לחינוך,prog-inst-59-7,מדעי הטבע במסלול היסודי(א'-ו'),525,
3,inst-59,תלפיות - המכללה האקדמית לחינוך,prog-inst-59-8,מתמטיקה במסלול היסודי (א'-ו'),525,
3,inst-59,תלפיות - המכללה האקדמית לחינוך,prog-inst-59-9,מתמטיקה במסלול העל יסודי (ז'-י'),525,
3,inst-59,תלפיות - המכללה האקדמית לחינוך,prog-inst-59-10,ספרות במסלול היסודי (א'-ו'),525,
3,inst-59,תלפיות - המכללה האקדמית לחינוך,prog-inst-59-11,ספרות עברית במסלול העל יסודי (ז'-י'),525,
3,inst-59,תלפיות - המכללה האקדמית לחינוך,prog-inst-59-12,"תושב""ע במסלול היסודי (א'-ו')",525,
3,inst-59,תלפיות - המכללה האקדמית לחינוך,prog-inst-59-13,"תנ""ך במסלול היסודי (א'-ו')",525,
3,inst-59,תלפיות - המכללה האקדמית לחינוך,prog-inst-59-14,"תנ""ך במסלול העל יסודי (ז'-י')",525,
3,inst-60,"המועצה האקדמית של מכללת ""הסביבה""",prog-inst-60-1,הנדסה חקלאית,580,
3,inst-61,המכון המלכותי לטכנולוגיה,prog-inst-61-1,הנדסת מסחר,580,
3,inst-62,בית הספר הגבוהה לטכנולוגיה ירושלים,prog-inst-62-1,ניהול,500,
3,inst-7,אלקאסמי - מכללה אקדמית לחינוך,prog-inst-7-1,אנגלית במסלול העל-יסודי (ז'-י'),525,
3,inst-7,אלקאסמי - מכללה אקדמית לחינוך,prog-inst-7-2,דת האסלאם במסלול היסודי (א'-ו'),525,
3,inst-7,אלקאסמי - מכללה אקדמית לחינוך,prog-inst-7-3,דת האסלאם במסלול העל-יסודי (ז'-י'),525,
3,inst-7,אלקאסמי - מכללה אקדמית לחינוך,prog-inst-7-4,הגיל הרך במסלול הגן (לידה עד שש),525,
3,inst-7,אלקאסמי - מכללה אקדמית לחינוך,prog-inst-7-5,חינוך בלתי פורמאלי במסלול העל יסודי (ז'-י'),525,
3,inst-7,אלקאסמי - מכללה אקדמית לחינוך,prog-inst-7-6,חינוך מיוחד (גילאי 6-21),525,
3,inst-7,אלקאסמי - מכללה אקדמית לחינוך,prog-inst-7-7,לימודים כלליים במסלול העל-יסודי (ז'-י'),525,
3,inst-7,אלקאסמי - מכללה אקדמית לחינוך,prog-inst-7-8,לשון וספרות עברית במסלול העל-יסודי (ז'-י'),525,
3,inst-7,אלקאסמי - מכללה אקדמית לחינוך,prog-inst-7-9,מדע וטכנולוגיה במסלול העל יסודי (ז'-י'),525,
3,inst-7,אלקאסמי - מכללה אקדמית לחינוך,prog-inst-7-10,מדעי המחשב במסלול העל יסודי (ז'-י),525,
3,inst-7,אלקאסמי - מכללה אקדמית לחינוך,prog-inst-7-11,מדעים במסלול היסודי (א'-ו'),525,
3,inst-7,אלקאסמי - מכללה אקדמית לחינוך,prog-inst-7-12,מתמטיקה במסלול העל-יסודי (ז'-י'),525,
3,inst-7,אלקאסמי - מכללה אקדמית לחינוך,prog-inst-7-13,שפה וספרות ערבית במסלול הגן (לידה עד שש),525,
3,inst-7,אלקאסמי - מכללה אקדמית לחינוך,prog-inst-7-14,שפה וספרות ערבית במסלול היסודי (א'-ו'),525,
3,inst-7,אלקאסמי - מכללה אקדמית לחינוך,prog-inst-7-15,שפה וספרות ערבית במסלול העל-יסודי (ז'-י'),525,
3,inst-8,אמונה-אפרתה - מכללה אקדמית לאמנויות וחינוך,prog-inst-8-1,אזרחות במסלול העל יסודי (ז'-י'),525,
3,inst-8,אמונה-אפרתה - מכללה אקדמית לאמנויות וחינוך,prog-inst-8-2,"אמנות במסלול העל יסודי (ז'-י""ב)",525,
3,inst-8,אמונה-אפרתה - מכללה אקדמית לאמנויות וחינוך,prog-inst-8-3,האגדה והוראתה בראיה רב תחומית,525,
3,inst-8,אמונה-אפרתה - מכללה אקדמית לאמנויות וחינוך,prog-inst-8-4,הגיל הרך במסלול הגן (לידה-שש),525,
3,inst-8,אמונה-אפרתה - מכללה אקדמית לאמנויות וחינוך,prog-inst-8-5,היסטוריה במסלול העל יסודי (ז'-י'),525,
3,inst-8,אמונה-אפרתה - מכללה אקדמית לאמנויות וחינוך,prog-inst-8-6,"זיכרון, מורשת ישראל וחינוך",525,
3,inst-8,אמונה-אפרתה - מכללה אקדמית לאמנויות וחינוך,prog-inst-8-7,חינוך חברתי קהילתי במסלול העל יסודי (ז'-י'),525,
3,inst-8,אמונה-אפרתה - מכללה אקדמית לאמנויות וחינוך,prog-inst-8-8,חינוך מיוחד (גילאי 6-21),525,
3,inst-8,אמונה-אפרתה - מכללה אקדמית לאמנויות וחינוך,prog-inst-8-9,לימודים כלליים במסלול הגן (לידה-שש),525,
3,inst-8,אמונה-אפרתה - מכללה אקדמית לאמנויות וחינוך,prog-inst-8-10,לימודים כלליים במסלול היסודי (א'-ו'),525,
3,inst-8,אמונה-אפרתה - מכללה אקדמית לאמנויות וחינוך,prog-inst-8-11,לימודים כלליים במסלול העל יסודי (ז'-י'),525,
3,inst-8,אמונה-אפרתה - מכללה אקדמית לאמנויות וחינוך,prog-inst-8-12,לשון עברית במסלול העל יסודי (ז'-י'),525,
3,inst-8,אמונה-אפרתה - מכללה אקדמית לאמנויות וחינוך,prog-inst-8-13,ספרות במסלול העל יסודי (ז'-י'),525,
3,inst-8,אמונה-אפרתה - מכללה אקדמית לאמנויות וחינוך,prog-inst-8-14,"עיצוב תקשורת חזותית במסלול העל יסודי (ז'-י""ב)",525,
3,inst-8,אמונה-אפרתה - מכללה אקדמית לאמנויות וחינוך,prog-inst-8-15,"תושב""ע במסלול העל יסודי (ז'-י')",525,
3,inst-8,אמונה-אפרתה - מכללה אקדמית לאמנויות וחינוך,prog-inst-8-16,"תיאטרון במסלול העל יסודי (ז'-י""ב)",525,
3,inst-8,אמונה-אפרתה - מכללה אקדמית לאמנויות וחינוך,prog-inst-8-17,"תנ""ך במסלול היסודי (א'-ו')",525,
3,inst-8,אמונה-אפרתה - מכללה אקדמית לאמנויות וחינוך,prog-inst-8-18,"תנ""ך במסלול העל יסודי (ז'-י')",525,
3,inst-9,אפקה - המכללה האקדמית להנדסה בתל אביב,prog-inst-9-1,הנדסה מכנית,580,
3,inst-9,אפקה - המכללה האקדמית להנדסה בתל אביב,prog-inst-9-2,הנדסה רפואית,600,
3,inst-9,אפקה - המכללה האקדמית להנדסה בתל אביב,prog-inst-9-3,הנדסת חשמל,600,
3,inst-9,אפקה - המכללה האקדמית להנדסה בתל אביב,prog-inst-9-3,הנדסת מכונות,580,
3,inst-9,אפקה - המכללה האקדמית להנדסה בתל אביב,prog-inst-9-4,הנדסת תוכנה,600,
3,inst-9,אפקה - המכללה האקדמית להנדסה בתל אביב,prog-inst-9-5,הנדסת תעשייה וניהול,580,
3,inst-9,אפקה - המכללה האקדמית להנדסה בתל אביב,prog-inst-9-6,מדעי המחשב,580,
3,inst-9,אפקה - המכללה האקדמית להנדסה בתל אביב,prog-inst-9-7,מדעי הנתונים,500,
